0.000000000000000000e+00,0.000000000000000000e+00,0.000000000000000000e+00,0.000000000000000000e+00,0.000000000000000000e+00,0.000000000000000000e+00,0.000000000000000000e+00,0.000000000000000000e+00,0.000000000000000000e+00,0.000000000000000000e+00,0.000000000000000000e+00,0.000000000000000000e+00,1.666666666666666963e+00,1.000000000000000000e+00,5.000000000000000000e+00,1.000000000000000000e+00,3.333333333333333037e+00,1.000000000000000000e+00,1.666666666666666519e+00,5.000000000000000000e-01
0.000000000000000000e+00,0.000000000000000000e+00,0.000000000000000000e+00,0.000000000000000000e+00,3.333333333333333037e+00,1.000000000000000000e+00,1.666666666666666519e+00,5.000000000000000000e-01,0.000000000000000000e+00,0.000000000000000000e+00,0.000000000000000000e+00,0.000000000000000000e+00,0.000000000000000000e+00,0.000000000000000000e+00,0.000000000000000000e+00,0.000000000000000000e+00,1.666666666666666963e+00,1.000000000000000000e+00,5.000000000000000000e+00,1.000000000000000000e+00
0.000000000000000000e+00,0.000000000000000000e+00,0.000000000000000000e+00,0.000000000000000000e+00,0.000000000000000000e+00,0.000000000000000000e+00,0.000000000000000000e+00,0.000000000000000000e+00,3.333333333333333037e+00,1.000000000000000000e+00,1.666666666666666519e+00,5.000000000000000000e-01,0.000000000000000000e+00,0.000000000000000000e+00,0.000000000000000000e+00,0.000000000000000000e+00,1.666666666666666963e+00,1.000000000000000000e+00,5.000000000000000000e+00,1.000000000000000000e+00
0.000000000000000000e+00,0.000000000000000000e+00,0.000000000000000000e+00,0.000000000000000000e+00,0.000000000000000000e+00,0.000000000000000000e+00,0.000000000000000000e+00,0.000000000000000000e+00,0.000000000000000000e+00,0.000000000000000000e+00,0.000000000000000000e+00,0.000000000000000000e+00,3.333333333333333037e+00,1.000000000000000000e+00,1.666666666666666519e+00,5.000000000000000000e-01,1.666666666666666963e+00,1.000000000000000000e+00,5.000000000000000000e+00,1.000000000000000000e+00
0.000000000000000000e+00,0.000000000000000000e+00,0.000000000000000000e+00,0.000000000000000000e+00,3.333333333333333037e+00,1.000000000000000000e+00,1.666666666666666519e+00,5.000000000000000000e-01,0.000000000000000000e+00,0.000000000000000000e+00,0.000000000000000000e+00,0.000000000000000000e+00,1.666666666666666963e+00,1.000000000000000000e+00,5.000000000000000000e+00,1.000000000000000000e+00,0.000000000000000000e+00,0.000000000000000000e+00,0.000000000000000000e+00,0.000000000000000000e+00
3.333333333333333037e+00,1.000000000000000000e+00,1.666666666666666519e+00,5.000000000000000000e-01,0.000000000000000000e+00,0.000000000000000000e+00,0.000000000000000000e+00,0.000000000000000000e+00,1.666666666666666963e+00,1.000000000000000000e+00,5.000000000000000000e+00,1.000000000000000000e+00,0.000000000000000000e+00,0.000000000000000000e+00,0.000000000000000000e+00,0.000000000000000000e+00,0.000000000000000000e+00,0.000000000000000000e+00,0.000000000000000000e+00,0.000000000000000000e+00
0.000000000000000000e+00,0.000000000000000000e+00,0.000000000000000000e+00,0.000000000000000000e+00,0.000000000000000000e+00,0.000000000000000000e+00,0.000000000000000000e+00,0.000000000000000000e+00,3.333333333333333037e+00,1.000000000000000000e+00,1.666666666666666519e+00,5.000000000000000000e-01,1.666666666666666963e+00,1.000000000000000000e+00,5.000000000000000000e+00,1.000000000000000000e+00,0.000000000000000000e+00,0.000000000000000000e+00,0.000000000000000000e+00,0.000000000000000000e+00
3.333333333333333037e+00,1.000000000000000000e+00,1.666666666666666519e+00,5.000000000000000000e-01,0.000000000000000000e+00,0.000000000000000000e+00,0.000000000000000000e+00,0.000000000000000000e+00,0.000000000000000000e+00,0.000000000000000000e+00,0.000000000000000000e+00,0.000000000000000000e+00,0.000000000000000000e+00,0.000000000000000000e+00,0.000000000000000000e+00,0.000000000000000000e+00,1.666666666666666963e+00,1.000000000000000000e+00,5.000000000000000000e+00,1.000000000000000000e+00
3.333333333333333037e+00,1.000000000000000000e+00,1.666666666666666519e+00,5.000000000000000000e-01,0.000000000000000000e+00,0.000000000000000000e+00,0.000000000000000000e+00,0.000000000000000000e+00,0.000000000000000000e+00,0.000000000000000000e+00,0.000000000000000000e+00,0.000000000000000000e+00,1.666666666666666963e+00,1.000000000000000000e+00,5.000000000000000000e+00,1.000000000000000000e+00,0.000000000000000000e+00,0.000000000000000000e+00,0.000000000000000000e+00,0.000000000000000000e+00
0.000000000000000000e+00,0.000000000000000000e+00,0.000000000000000000e+00,0.000000000000000000e+00,0.000000000000000000e+00,0.000000000000000000e+00,0.000000000000000000e+00,0.000000000000000000e+00,1.666666666666666963e+00,1.000000000000000000e+00,5.000000000000000000e+00,1.000000000000000000e+00,3.333333333333333037e+00,1.000000000000000000e+00,1.666666666666666519e+00,5.000000000000000000e-01,0.000000000000000000e+00,0.000000000000000000e+00,0.000000000000000000e+00,0.000000000000000000e+00
3.333333333333333925e+00,1.000000000000000000e+00,5.000000000000000000e+00,1.000000000000000000e+00,0.000000000000000000e+00,0.000000000000000000e+00,0.000000000000000000e+00,0.000000000000000000e+00,0.000000000000000000e+00,0.000000000000000000e+00,0.000000000000000000e+00,0.000000000000000000e+00,1.666666666666666519e+00,1.000000000000000000e+00,1.666666666666666519e+00,5.000000000000000000e-01,0.000000000000000000e+00,0.000000000000000000e+00,0.000000000000000000e+00,0.000000000000000000e+00
0.000000000000000000e+00,0.000000000000000000e+00,0.000000000000000000e+00,0.000000000000000000e+00,1.666666666666666519e+00,1.000000000000000000e+00,1.666666666666666519e+00,5.000000000000000000e-01,0.000000000000000000e+00,0.000000000000000000e+00,0.000000000000000000e+00,0.000000000000000000e+00,3.333333333333333925e+00,1.000000000000000000e+00,5.000000000000000000e+00,1.000000000000000000e+00,0.000000000000000000e+00,0.000000000000000000e+00,0.000000000000000000e+00,0.000000000000000000e+00
0.000000000000000000e+00,0.000000000000000000e+00,0.000000000000000000e+00,0.000000000000000000e+00,3.333333333333333925e+00,1.000000000000000000e+00,5.000000000000000000e+00,1.000000000000000000e+00,0.000000000000000000e+00,0.000000000000000000e+00,0.000000000000000000e+00,0.000000000000000000e+00,0.000000000000000000e+00,0.000000000000000000e+00,0.000000000000000000e+00,0.000000000000000000e+00,1.666666666666666519e+00,1.000000000000000000e+00,1.666666666666666519e+00,5.000000000000000000e-01
3.333333333333333925e+00,1.000000000000000000e+00,5.000000000000000000e+00,1.000000000000000000e+00,1.666666666666666519e+00,1.000000000000000000e+00,1.666666666666666519e+00,5.000000000000000000e-01,0.000000000000000000e+00,0.000000000000000000e+00,0.000000000000000000e+00,0.000000000000000000e+00,0.000000000000000000e+00,0.000000000000000000e+00,0.000000000000000000e+00,0.000000000000000000e+00,0.000000000000000000e+00,0.000000000000000000e+00,0.000000000000000000e+00,0.000000000000000000e+00
3.333333333333333925e+00,1.000000000000000000e+00,5.000000000000000000e+00,1.000000000000000000e+00,0.000000000000000000e+00,0.000000000000000000e+00,0.000000000000000000e+00,0.000000000000000000e+00,1.666666666666666519e+00,1.000000000000000000e+00,1.666666666666666519e+00,5.000000000000000000e-01,0.000000000000000000e+00,0.000000000000000000e+00,0.000000000000000000e+00,0.000000000000000000e+00,0.000000000000000000e+00,0.000000000000000000e+00,0.000000000000000000e+00,0.000000000000000000e+00
0.000000000000000000e+00,0.000000000000000000e+00,0.000000000000000000e+00,0.000000000000000000e+00,0.000000000000000000e+00,0.000000000000000000e+00,0.000000000000000000e+00,0.000000000000000000e+00,0.000000000000000000e+00,0.000000000000000000e+00,0.000000000000000000e+00,0.000000000000000000e+00,1.666666666666666519e+00,1.000000000000000000e+00,1.666666666666666519e+00,5.000000000000000000e-01,3.333333333333333925e+00,1.000000000000000000e+00,5.000000000000000000e+00,1.000000000000000000e+00
0.000000000000000000e+00,0.000000000000000000e+00,0.000000000000000000e+00,0.000000000000000000e+00,0.000000000000000000e+00,0.000000000000000000e+00,0.000000000000000000e+00,0.000000000000000000e+00,3.333333333333333925e+00,1.000000000000000000e+00,5.000000000000000000e+00,1.000000000000000000e+00,1.666666666666666519e+00,1.000000000000000000e+00,1.666666666666666519e+00,5.000000000000000000e-01,0.000000000000000000e+00,0.000000000000000000e+00,0.000000000000000000e+00,0.000000000000000000e+00
3.333333333333333925e+00,1.000000000000000000e+00,5.000000000000000000e+00,1.000000000000000000e+00,0.000000000000000000e+00,0.000000000000000000e+00,0.000000000000000000e+00,0.000000000000000000e+00,0.000000000000000000e+00,0.000000000000000000e+00,0.000000000000000000e+00,0.000000000000000000e+00,0.000000000000000000e+00,0.000000000000000000e+00,0.000000000000000000e+00,0.000000000000000000e+00,1.666666666666666519e+00,1.000000000000000000e+00,1.666666666666666519e+00,5.000000000000000000e-01
0.000000000000000000e+00,0.000000000000000000e+00,0.000000000000000000e+00,0.000000000000000000e+00,0.000000000000000000e+00,0.000000000000000000e+00,0.000000000000000000e+00,0.000000000000000000e+00,1.666666666666666519e+00,1.000000000000000000e+00,1.666666666666666519e+00,5.000000000000000000e-01,0.000000000000000000e+00,0.000000000000000000e+00,0.000000000000000000e+00,0.000000000000000000e+00,3.333333333333333925e+00,1.000000000000000000e+00,5.000000000000000000e+00,1.000000000000000000e+00
0.000000000000000000e+00,0.000000000000000000e+00,0.000000000000000000e+00,0.000000000000000000e+00,1.666666666666666519e+00,1.000000000000000000e+00,1.666666666666666519e+00,5.000000000000000000e-01,0.000000000000000000e+00,0.000000000000000000e+00,0.000000000000000000e+00,0.000000000000000000e+00,0.000000000000000000e+00,0.000000000000000000e+00,0.000000000000000000e+00,0.000000000000000000e+00,3.333333333333333925e+00,1.000000000000000000e+00,5.000000000000000000e+00,1.000000000000000000e+00
0.000000000000000000e+00,0.000000000000000000e+00,0.000000000000000000e+00,0.000000000000000000e+00,2.500000000000000000e+00,0.000000000000000000e+00,5.000000000000000000e+00,1.000000000000000000e+00,0.000000000000000000e+00,0.000000000000000000e+00,0.000000000000000000e+00,0.000000000000000000e+00,2.500000000000000000e+00,0.000000000000000000e+00,1.666666666666666519e+00,5.000000000000000000e-01,0.000000000000000000e+00,0.000000000000000000e+00,0.000000000000000000e+00,0.000000000000000000e+00
0.000000000000000000e+00,0.000000000000000000e+00,0.000000000000000000e+00,0.000000000000000000e+00,2.500000000000000000e+00,0.000000000000000000e+00,5.000000000000000000e+00,1.000000000000000000e+00,0.000000000000000000e+00,0.000000000000000000e+00,0.000000000000000000e+00,0.000000000000000000e+00,0.000000000000000000e+00,0.000000000000000000e+00,0.000000000000000000e+00,0.000000000000000000e+00,2.500000000000000000e+00,0.000000000000000000e+00,1.666666666666666519e+00,5.000000000000000000e-01
0.000000000000000000e+00,0.000000000000000000e+00,0.000000000000000000e+00,0.000000000000000000e+00,2.500000000000000000e+00,0.000000000000000000e+00,1.666666666666666519e+00,5.000000000000000000e-01,0.000000000000000000e+00,0.000000000000000000e+00,0.000000000000000000e+00,0.000000000000000000e+00,0.000000000000000000e+00,0.000000000000000000e+00,0.000000000000000000e+00,0.000000000000000000e+00,2.500000000000000000e+00,0.000000000000000000e+00,5.000000000000000000e+00,1.000000000000000000e+00
0.000000000000000000e+00,0.000000000000000000e+00,0.000000000000000000e+00,0.000000000000000000e+00,0.000000000000000000e+00,0.000000000000000000e+00,0.000000000000000000e+00,0.000000000000000000e+00,0.000000000000000000e+00,0.000000000000000000e+00,0.000000000000000000e+00,0.000000000000000000e+00,2.500000000000000000e+00,0.000000000000000000e+00,5.000000000000000000e+00,1.000000000000000000e+00,2.500000000000000000e+00,0.000000000000000000e+00,1.666666666666666519e+00,5.000000000000000000e-01
0.000000000000000000e+00,0.000000000000000000e+00,0.000000000000000000e+00,0.000000000000000000e+00,0.000000000000000000e+00,0.000000000000000000e+00,0.000000000000000000e+00,0.000000000000000000e+00,0.000000000000000000e+00,0.000000000000000000e+00,0.000000000000000000e+00,0.000000000000000000e+00,2.500000000000000000e+00,0.000000000000000000e+00,1.666666666666666519e+00,5.000000000000000000e-01,2.500000000000000000e+00,0.000000000000000000e+00,5.000000000000000000e+00,1.000000000000000000e+00
0.000000000000000000e+00,0.000000000000000000e+00,0.000000000000000000e+00,0.000000000000000000e+00,0.000000000000000000e+00,0.000000000000000000e+00,0.000000000000000000e+00,0.000000000000000000e+00,2.500000000000000000e+00,0.000000000000000000e+00,5.000000000000000000e+00,1.000000000000000000e+00,0.000000000000000000e+00,0.000000000000000000e+00,0.000000000000000000e+00,0.000000000000000000e+00,2.500000000000000000e+00,0.000000000000000000e+00,1.666666666666666519e+00,5.000000000000000000e-01
0.000000000000000000e+00,0.000000000000000000e+00,0.000000000000000000e+00,0.000000000000000000e+00,0.000000000000000000e+00,0.000000000000000000e+00,0.000000000000000000e+00,0.000000000000000000e+00,2.500000000000000000e+00,0.000000000000000000e+00,1.666666666666666519e+00,5.000000000000000000e-01,0.000000000000000000e+00,0.000000000000000000e+00,0.000000000000000000e+00,0.000000000000000000e+00,2.500000000000000000e+00,0.000000000000000000e+00,5.000000000000000000e+00,1.000000000000000000e+00
0.000000000000000000e+00,0.000000000000000000e+00,0.000000000000000000e+00,0.000000000000000000e+00,0.000000000000000000e+00,0.000000000000000000e+00,0.000000000000000000e+00,0.000000000000000000e+00,2.500000000000000000e+00,0.000000000000000000e+00,5.000000000000000000e+00,1.000000000000000000e+00,2.500000000000000000e+00,0.000000000000000000e+00,1.666666666666666519e+00,5.000000000000000000e-01,0.000000000000000000e+00,0.000000000000000000e+00,0.000000000000000000e+00,0.000000000000000000e+00
0.000000000000000000e+00,0.000000000000000000e+00,0.000000000000000000e+00,0.000000000000000000e+00,2.500000000000000000e+00,0.000000000000000000e+00,1.666666666666666519e+00,5.000000000000000000e-01,0.000000000000000000e+00,0.000000000000000000e+00,0.000000000000000000e+00,0.000000000000000000e+00,2.500000000000000000e+00,0.000000000000000000e+00,5.000000000000000000e+00,1.000000000000000000e+00,0.000000000000000000e+00,0.000000000000000000e+00,0.000000000000000000e+00,0.000000000000000000e+00
0.000000000000000000e+00,0.000000000000000000e+00,0.000000000000000000e+00,0.000000000000000000e+00,0.000000000000000000e+00,0.000000000000000000e+00,0.000000000000000000e+00,0.000000000000000000e+00,2.500000000000000000e+00,0.000000000000000000e+00,1.666666666666666519e+00,5.000000000000000000e-01,2.500000000000000000e+00,0.000000000000000000e+00,5.000000000000000000e+00,1.000000000000000000e+00,0.000000000000000000e+00,0.000000000000000000e+00,0.000000000000000000e+00,0.000000000000000000e+00
0.000000000000000000e+00,0.000000000000000000e+00,0.000000000000000000e+00,0.000000000000000000e+00,0.000000000000000000e+00,0.000000000000000000e+00,0.000000000000000000e+00,0.000000000000000000e+00,1.666666666666666963e+00,0.000000000000000000e+00,5.000000000000000000e+00,1.000000000000000000e+00,0.000000000000000000e+00,0.000000000000000000e+00,0.000000000000000000e+00,0.000000000000000000e+00,3.333333333333333037e+00,0.000000000000000000e+00,1.666666666666666519e+00,5.000000000000000000e-01
0.000000000000000000e+00,0.000000000000000000e+00,0.000000000000000000e+00,0.000000000000000000e+00,0.000000000000000000e+00,0.000000000000000000e+00,0.000000000000000000e+00,0.000000000000000000e+00,0.000000000000000000e+00,0.000000000000000000e+00,0.000000000000000000e+00,0.000000000000000000e+00,1.666666666666666963e+00,0.000000000000000000e+00,5.000000000000000000e+00,1.000000000000000000e+00,3.333333333333333037e+00,0.000000000000000000e+00,1.666666666666666519e+00,5.000000000000000000e-01
0.000000000000000000e+00,0.000000000000000000e+00,0.000000000000000000e+00,0.000000000000000000e+00,0.000000000000000000e+00,0.000000000000000000e+00,0.000000000000000000e+00,0.000000000000000000e+00,3.333333333333333037e+00,0.000000000000000000e+00,1.666666666666666519e+00,5.000000000000000000e-01,1.666666666666666963e+00,0.000000000000000000e+00,5.000000000000000000e+00,1.000000000000000000e+00,0.000000000000000000e+00,0.000000000000000000e+00,0.000000000000000000e+00,0.000000000000000000e+00
0.000000000000000000e+00,0.000000000000000000e+00,0.000000000000000000e+00,0.000000000000000000e+00,1.666666666666666963e+00,0.000000000000000000e+00,5.000000000000000000e+00,1.000000000000000000e+00,0.000000000000000000e+00,0.000000000000000000e+00,0.000000000000000000e+00,0.000000000000000000e+00,3.333333333333333037e+00,0.000000000000000000e+00,1.666666666666666519e+00,5.000000000000000000e-01,0.000000000000000000e+00,0.000000000000000000e+00,0.000000000000000000e+00,0.000000000000000000e+00
0.000000000000000000e+00,0.000000000000000000e+00,0.000000000000000000e+00,0.000000000000000000e+00,0.000000000000000000e+00,0.000000000000000000e+00,0.000000000000000000e+00,0.000000000000000000e+00,1.666666666666666963e+00,0.000000000000000000e+00,5.000000000000000000e+00,1.000000000000000000e+00,3.333333333333333037e+00,0.000000000000000000e+00,1.666666666666666519e+00,5.000000000000000000e-01,0.000000000000000000e+00,0.000000000000000000e+00,0.000000000000000000e+00,0.000000000000000000e+00
0.000000000000000000e+00,0.000000000000000000e+00,0.000000000000000000e+00,0.000000000000000000e+00,3.333333333333333037e+00,0.000000000000000000e+00,1.666666666666666519e+00,5.000000000000000000e-01,0.000000000000000000e+00,0.000000000000000000e+00,0.000000000000000000e+00,0.000000000000000000e+00,0.000000000000000000e+00,0.000000000000000000e+00,0.000000000000000000e+00,0.000000000000000000e+00,1.666666666666666963e+00,0.000000000000000000e+00,5.000000000000000000e+00,1.000000000000000000e+00
0.000000000000000000e+00,0.000000000000000000e+00,0.000000000000000000e+00,0.000000000000000000e+00,0.000000000000000000e+00,0.000000000000000000e+00,0.000000000000000000e+00,0.000000000000000000e+00,3.333333333333333037e+00,0.000000000000000000e+00,1.666666666666666519e+00,5.000000000000000000e-01,0.000000000000000000e+00,0.000000000000000000e+00,0.000000000000000000e+00,0.000000000000000000e+00,1.666666666666666963e+00,0.000000000000000000e+00,5.000000000000000000e+00,1.000000000000000000e+00
3.333333333333333037e+00,0.000000000000000000e+00,1.666666666666666519e+00,5.000000000000000000e-01,0.000000000000000000e+00,0.000000000000000000e+00,0.000000000000000000e+00,0.000000000000000000e+00,1.666666666666666963e+00,0.000000000000000000e+00,5.000000000000000000e+00,1.000000000000000000e+00,0.000000000000000000e+00,0.000000000000000000e+00,0.000000000000000000e+00,0.000000000000000000e+00,0.000000000000000000e+00,0.000000000000000000e+00,0.000000000000000000e+00,0.000000000000000000e+00
0.000000000000000000e+00,0.000000000000000000e+00,0.000000000000000000e+00,0.000000000000000000e+00,1.666666666666666963e+00,0.000000000000000000e+00,5.000000000000000000e+00,1.000000000000000000e+00,0.000000000000000000e+00,0.000000000000000000e+00,0.000000000000000000e+00,0.000000000000000000e+00,0.000000000000000000e+00,0.000000000000000000e+00,0.000000000000000000e+00,0.000000000000000000e+00,3.333333333333333037e+00,0.000000000000000000e+00,1.666666666666666519e+00,5.000000000000000000e-01
3.333333333333333037e+00,0.000000000000000000e+00,1.666666666666666519e+00,5.000000000000000000e-01,0.000000000000000000e+00,0.000000000000000000e+00,0.000000000000000000e+00,0.000000000000000000e+00,0.000000000000000000e+00,0.000000000000000000e+00,0.000000000000000000e+00,0.000000000000000000e+00,1.666666666666666963e+00,0.000000000000000000e+00,5.000000000000000000e+00,1.000000000000000000e+00,0.000000000000000000e+00,0.000000000000000000e+00,0.000000000000000000e+00,0.000000000000000000e+00
1.250000000000000000e+00,0.000000000000000000e+00,2.500000000000000000e+00,6.666666666666666297e-01,0.000000000000000000e+00,0.000000000000000000e+00,0.000000000000000000e+00,0.000000000000000000e+00,0.000000000000000000e+00,0.000000000000000000e+00,0.000000000000000000e+00,0.000000000000000000e+00,1.250000000000000000e+00,0.000000000000000000e+00,5.000000000000000000e+00,1.000000000000000000e+00,2.500000000000000000e+00,1.000000000000000000e+00,1.250000000000000000e+00,3.333333333333333148e-01
0.000000000000000000e+00,0.000000000000000000e+00,0.000000000000000000e+00,0.000000000000000000e+00,2.500000000000000000e+00,1.000000000000000000e+00,1.250000000000000000e+00,3.333333333333333148e-01,0.000000000000000000e+00,0.000000000000000000e+00,0.000000000000000000e+00,0.000000000000000000e+00,1.250000000000000000e+00,0.000000000000000000e+00,5.000000000000000000e+00,1.000000000000000000e+00,1.250000000000000000e+00,0.000000000000000000e+00,2.500000000000000000e+00,6.666666666666666297e-01
1.250000000000000000e+00,0.000000000000000000e+00,5.000000000000000000e+00,1.000000000000000000e+00,0.000000000000000000e+00,0.000000000000000000e+00,0.000000000000000000e+00,0.000000000000000000e+00,2.500000000000000000e+00,1.000000000000000000e+00,1.250000000000000000e+00,3.333333333333333148e-01,0.000000000000000000e+00,0.000000000000000000e+00,0.000000000000000000e+00,0.000000000000000000e+00,1.250000000000000000e+00,0.000000000000000000e+00,2.500000000000000000e+00,6.666666666666666297e-01
1.250000000000000000e+00,0.000000000000000000e+00,5.000000000000000000e+00,1.000000000000000000e+00,0.000000000000000000e+00,0.000000000000000000e+00,0.000000000000000000e+00,0.000000000000000000e+00,0.000000000000000000e+00,0.000000000000000000e+00,0.000000000000000000e+00,0.000000000000000000e+00,2.500000000000000000e+00,1.000000000000000000e+00,1.250000000000000000e+00,3.333333333333333148e-01,1.250000000000000000e+00,0.000000000000000000e+00,2.500000000000000000e+00,6.666666666666666297e-01
1.250000000000000000e+00,0.000000000000000000e+00,5.000000000000000000e+00,1.000000000000000000e+00,2.500000000000000000e+00,1.000000000000000000e+00,1.250000000000000000e+00,3.333333333333333148e-01,0.000000000000000000e+00,0.000000000000000000e+00,0.000000000000000000e+00,0.000000000000000000e+00,0.000000000000000000e+00,0.000000000000000000e+00,0.000000000000000000e+00,0.000000000000000000e+00,1.250000000000000000e+00,0.000000000000000000e+00,2.500000000000000000e+00,6.666666666666666297e-01
1.250000000000000000e+00,0.000000000000000000e+00,2.500000000000000000e+00,6.666666666666666297e-01,1.250000000000000000e+00,0.000000000000000000e+00,5.000000000000000000e+00,1.000000000000000000e+00,0.000000000000000000e+00,0.000000000000000000e+00,0.000000000000000000e+00,0.000000000000000000e+00,2.500000000000000000e+00,1.000000000000000000e+00,1.250000000000000000e+00,3.333333333333333148e-01,0.000000000000000000e+00,0.000000000000000000e+00,0.000000000000000000e+00,0.000000000000000000e+00
1.250000000000000000e+00,0.000000000000000000e+00,5.000000000000000000e+00,1.000000000000000000e+00,2.500000000000000000e+00,1.000000000000000000e+00,1.250000000000000000e+00,3.333333333333333148e-01,0.000000000000000000e+00,0.000000000000000000e+00,0.000000000000000000e+00,0.000000000000000000e+00,1.250000000000000000e+00,0.000000000000000000e+00,2.500000000000000000e+00,6.666666666666666297e-01,0.000000000000000000e+00,0.000000000000000000e+00,0.000000000000000000e+00,0.000000000000000000e+00
1.250000000000000000e+00,0.000000000000000000e+00,2.500000000000000000e+00,6.666666666666666297e-01,2.500000000000000000e+00,1.000000000000000000e+00,1.250000000000000000e+00,3.333333333333333148e-01,0.000000000000000000e+00,0.000000000000000000e+00,0.000000000000000000e+00,0.000000000000000000e+00,1.250000000000000000e+00,0.000000000000000000e+00,5.000000000000000000e+00,1.000000000000000000e+00,0.000000000000000000e+00,0.000000000000000000e+00,0.000000000000000000e+00,0.000000000000000000e+00
0.000000000000000000e+00,0.000000000000000000e+00,0.000000000000000000e+00,0.000000000000000000e+00,1.250000000000000000e+00,0.000000000000000000e+00,5.000000000000000000e+00,1.000000000000000000e+00,0.000000000000000000e+00,0.000000000000000000e+00,0.000000000000000000e+00,0.000000000000000000e+00,2.500000000000000000e+00,1.000000000000000000e+00,1.250000000000000000e+00,3.333333333333333148e-01,1.250000000000000000e+00,0.000000000000000000e+00,2.500000000000000000e+00,6.666666666666666297e-01
1.250000000000000000e+00,0.000000000000000000e+00,2.500000000000000000e+00,6.666666666666666297e-01,0.000000000000000000e+00,0.000000000000000000e+00,0.000000000000000000e+00,0.000000000000000000e+00,2.500000000000000000e+00,1.000000000000000000e+00,1.250000000000000000e+00,3.333333333333333148e-01,0.000000000000000000e+00,0.000000000000000000e+00,0.000000000000000000e+00,0.000000000000000000e+00,1.250000000000000000e+00,0.000000000000000000e+00,5.000000000000000000e+00,1.000000000000000000e+00
1.458333333333333037e+00,0.000000000000000000e+00,5.000000000000000000e+00,1.000000000000000000e+00,1.458333333333333037e+00,0.000000000000000000e+00,2.500000000000000000e+00,6.666666666666666297e-01,0.000000000000000000e+00,0.000000000000000000e+00,0.000000000000000000e+00,0.000000000000000000e+00,0.000000000000000000e+00,0.000000000000000000e+00,0.000000000000000000e+00,0.000000000000000000e+00,2.083333333333333481e+00,1.000000000000000000e+00,1.250000000000000000e+00,3.333333333333333148e-01
1.458333333333333037e+00,0.000000000000000000e+00,5.000000000000000000e+00,1.000000000000000000e+00,1.458333333333333037e+00,0.000000000000000000e+00,2.500000000000000000e+00,6.666666666666666297e-01,0.000000000000000000e+00,0.000000000000000000e+00,0.000000000000000000e+00,0.000000000000000000e+00,2.083333333333333481e+00,1.000000000000000000e+00,1.250000000000000000e+00,3.333333333333333148e-01,0.000000000000000000e+00,0.000000000000000000e+00,0.000000000000000000e+00,0.000000000000000000e+00
1.458333333333333037e+00,0.000000000000000000e+00,2.500000000000000000e+00,6.666666666666666297e-01,2.083333333333333481e+00,1.000000000000000000e+00,1.250000000000000000e+00,3.333333333333333148e-01,0.000000000000000000e+00,0.000000000000000000e+00,0.000000000000000000e+00,0.000000000000000000e+00,1.458333333333333037e+00,0.000000000000000000e+00,5.000000000000000000e+00,1.000000000000000000e+00,0.000000000000000000e+00,0.000000000000000000e+00,0.000000000000000000e+00,0.000000000000000000e+00
0.000000000000000000e+00,0.000000000000000000e+00,0.000000000000000000e+00,0.000000000000000000e+00,0.000000000000000000e+00,0.000000000000000000e+00,0.000000000000000000e+00,0.000000000000000000e+00,1.458333333333333037e+00,0.000000000000000000e+00,5.000000000000000000e+00,1.000000000000000000e+00,2.083333333333333481e+00,1.000000000000000000e+00,1.250000000000000000e+00,3.333333333333333148e-01,1.458333333333333037e+00,0.000000000000000000e+00,2.500000000000000000e+00,6.666666666666666297e-01
0.000000000000000000e+00,0.000000000000000000e+00,0.000000000000000000e+00,0.000000000000000000e+00,1.458333333333333037e+00,0.000000000000000000e+00,5.000000000000000000e+00,1.000000000000000000e+00,0.000000000000000000e+00,0.000000000000000000e+00,0.000000000000000000e+00,0.000000000000000000e+00,2.083333333333333481e+00,1.000000000000000000e+00,1.250000000000000000e+00,3.333333333333333148e-01,1.458333333333333037e+00,0.000000000000000000e+00,2.500000000000000000e+00,6.666666666666666297e-01
1.458333333333333037e+00,0.000000000000000000e+00,2.500000000000000000e+00,6.666666666666666297e-01,0.000000000000000000e+00,0.000000000000000000e+00,0.000000000000000000e+00,0.000000000000000000e+00,1.458333333333333037e+00,0.000000000000000000e+00,5.000000000000000000e+00,1.000000000000000000e+00,2.083333333333333481e+00,1.000000000000000000e+00,1.250000000000000000e+00,3.333333333333333148e-01,0.000000000000000000e+00,0.000000000000000000e+00,0.000000000000000000e+00,0.000000000000000000e+00
0.000000000000000000e+00,0.000000000000000000e+00,0.000000000000000000e+00,0.000000000000000000e+00,0.000000000000000000e+00,0.000000000000000000e+00,0.000000000000000000e+00,0.000000000000000000e+00,1.458333333333333037e+00,0.000000000000000000e+00,2.500000000000000000e+00,6.666666666666666297e-01,2.083333333333333481e+00,1.000000000000000000e+00,1.250000000000000000e+00,3.333333333333333148e-01,1.458333333333333037e+00,0.000000000000000000e+00,5.000000000000000000e+00,1.000000000000000000e+00
1.458333333333333037e+00,0.000000000000000000e+00,2.500000000000000000e+00,6.666666666666666297e-01,1.458333333333333037e+00,0.000000000000000000e+00,5.000000000000000000e+00,1.000000000000000000e+00,0.000000000000000000e+00,0.000000000000000000e+00,0.000000000000000000e+00,0.000000000000000000e+00,0.000000000000000000e+00,0.000000000000000000e+00,0.000000000000000000e+00,0.000000000000000000e+00,2.083333333333333481e+00,1.000000000000000000e+00,1.250000000000000000e+00,3.333333333333333148e-01
1.458333333333333037e+00,0.000000000000000000e+00,2.500000000000000000e+00,6.666666666666666297e-01,0.000000000000000000e+00,0.000000000000000000e+00,0.000000000000000000e+00,0.000000000000000000e+00,2.083333333333333481e+00,1.000000000000000000e+00,1.250000000000000000e+00,3.333333333333333148e-01,0.000000000000000000e+00,0.000000000000000000e+00,0.000000000000000000e+00,0.000000000000000000e+00,1.458333333333333037e+00,0.000000000000000000e+00,5.000000000000000000e+00,1.000000000000000000e+00
1.458333333333333037e+00,0.000000000000000000e+00,5.000000000000000000e+00,1.000000000000000000e+00,0.000000000000000000e+00,0.000000000000000000e+00,0.000000000000000000e+00,0.000000000000000000e+00,0.000000000000000000e+00,0.000000000000000000e+00,0.000000000000000000e+00,0.000000000000000000e+00,1.458333333333333037e+00,0.000000000000000000e+00,2.500000000000000000e+00,6.666666666666666297e-01,2.083333333333333481e+00,1.000000000000000000e+00,1.250000000000000000e+00,3.333333333333333148e-01
8.333333333333332593e-01,0.000000000000000000e+00,3.333333333333333037e+00,3.333333333333333148e-01,0.000000000000000000e+00,0.000000000000000000e+00,0.000000000000000000e+00,0.000000000000000000e+00,3.333333333333333925e+00,1.000000000000000000e+00,3.333333333333333037e+00,1.000000000000000000e+00,8.333333333333332593e-01,0.000000000000000000e+00,5.000000000000000000e+00,6.666666666666666297e-01,0.000000000000000000e+00,0.000000000000000000e+00,0.000000000000000000e+00,0.000000000000000000e+00
8.333333333333332593e-01,0.000000000000000000e+00,3.333333333333333037e+00,3.333333333333333148e-01,0.000000000000000000e+00,0.000000000000000000e+00,0.000000000000000000e+00,0.000000000000000000e+00,0.000000000000000000e+00,0.000000000000000000e+00,0.000000000000000000e+00,0.000000000000000000e+00,8.333333333333332593e-01,0.000000000000000000e+00,5.000000000000000000e+00,6.666666666666666297e-01,3.333333333333333925e+00,1.000000000000000000e+00,3.333333333333333037e+00,1.000000000000000000e+00
8.333333333333332593e-01,0.000000000000000000e+00,3.333333333333333037e+00,3.333333333333333148e-01,8.333333333333332593e-01,0.000000000000000000e+00,5.000000000000000000e+00,6.666666666666666297e-01,0.000000000000000000e+00,0.000000000000000000e+00,0.000000000000000000e+00,0.000000000000000000e+00,0.000000000000000000e+00,0.000000000000000000e+00,0.000000000000000000e+00,0.000000000000000000e+00,3.333333333333333925e+00,1.000000000000000000e+00,3.333333333333333037e+00,1.000000000000000000e+00
3.333333333333333925e+00,1.000000000000000000e+00,3.333333333333333037e+00,1.000000000000000000e+00,0.000000000000000000e+00,0.000000000000000000e+00,0.000000000000000000e+00,0.000000000000000000e+00,0.000000000000000000e+00,0.000000000000000000e+00,0.000000000000000000e+00,0.000000000000000000e+00,8.333333333333332593e-01,0.000000000000000000e+00,5.000000000000000000e+00,6.666666666666666297e-01,8.333333333333332593e-01,0.000000000000000000e+00,3.333333333333333037e+00,3.333333333333333148e-01
0.000000000000000000e+00,0.000000000000000000e+00,0.000000000000000000e+00,0.000000000000000000e+00,3.333333333333333925e+00,1.000000000000000000e+00,3.333333333333333037e+00,1.000000000000000000e+00,0.000000000000000000e+00,0.000000000000000000e+00,0.000000000000000000e+00,0.000000000000000000e+00,8.333333333333332593e-01,0.000000000000000000e+00,5.000000000000000000e+00,6.666666666666666297e-01,8.333333333333332593e-01,0.000000000000000000e+00,3.333333333333333037e+00,3.333333333333333148e-01
8.333333333333332593e-01,0.000000000000000000e+00,5.000000000000000000e+00,6.666666666666666297e-01,3.333333333333333925e+00,1.000000000000000000e+00,3.333333333333333037e+00,1.000000000000000000e+00,0.000000000000000000e+00,0.000000000000000000e+00,0.000000000000000000e+00,0.000000000000000000e+00,0.000000000000000000e+00,0.000000000000000000e+00,0.000000000000000000e+00,0.000000000000000000e+00,8.333333333333332593e-01,0.000000000000000000e+00,3.333333333333333037e+00,3.333333333333333148e-01
0.000000000000000000e+00,0.000000000000000000e+00,0.000000000000000000e+00,0.000000000000000000e+00,8.333333333333332593e-01,0.000000000000000000e+00,3.333333333333333037e+00,3.333333333333333148e-01,0.000000000000000000e+00,0.000000000000000000e+00,0.000000000000000000e+00,0.000000000000000000e+00,3.333333333333333925e+00,1.000000000000000000e+00,3.333333333333333037e+00,1.000000000000000000e+00,8.333333333333332593e-01,0.000000000000000000e+00,5.000000000000000000e+00,6.666666666666666297e-01
8.333333333333332593e-01,0.000000000000000000e+00,5.000000000000000000e+00,6.666666666666666297e-01,0.000000000000000000e+00,0.000000000000000000e+00,0.000000000000000000e+00,0.000000000000000000e+00,3.333333333333333925e+00,1.000000000000000000e+00,3.333333333333333037e+00,1.000000000000000000e+00,8.333333333333332593e-01,0.000000000000000000e+00,3.333333333333333037e+00,3.333333333333333148e-01,0.000000000000000000e+00,0.000000000000000000e+00,0.000000000000000000e+00,0.000000000000000000e+00
8.333333333333332593e-01,0.000000000000000000e+00,3.333333333333333037e+00,3.333333333333333148e-01,0.000000000000000000e+00,0.000000000000000000e+00,0.000000000000000000e+00,0.000000000000000000e+00,0.000000000000000000e+00,0.000000000000000000e+00,0.000000000000000000e+00,0.000000000000000000e+00,3.333333333333333925e+00,1.000000000000000000e+00,3.333333333333333037e+00,1.000000000000000000e+00,8.333333333333332593e-01,0.000000000000000000e+00,5.000000000000000000e+00,6.666666666666666297e-01
8.333333333333332593e-01,0.000000000000000000e+00,3.333333333333333037e+00,3.333333333333333148e-01,0.000000000000000000e+00,0.000000000000000000e+00,0.000000000000000000e+00,0.000000000000000000e+00,8.333333333333332593e-01,0.000000000000000000e+00,5.000000000000000000e+00,6.666666666666666297e-01,3.333333333333333925e+00,1.000000000000000000e+00,3.333333333333333037e+00,1.000000000000000000e+00,0.000000000000000000e+00,0.000000000000000000e+00,0.000000000000000000e+00,0.000000000000000000e+00
8.333333333333332593e-01,0.000000000000000000e+00,3.333333333333333037e+00,3.333333333333333148e-01,0.000000000000000000e+00,0.000000000000000000e+00,0.000000000000000000e+00,0.000000000000000000e+00,2.500000000000000000e+00,1.000000000000000000e+00,3.333333333333333037e+00,1.000000000000000000e+00,1.666666666666666963e+00,0.000000000000000000e+00,5.000000000000000000e+00,6.666666666666666297e-01,0.000000000000000000e+00,0.000000000000000000e+00,0.000000000000000000e+00,0.000000000000000000e+00
0.000000000000000000e+00,0.000000000000000000e+00,0.000000000000000000e+00,0.000000000000000000e+00,8.333333333333332593e-01,0.000000000000000000e+00,3.333333333333333037e+00,3.333333333333333148e-01,0.000000000000000000e+00,0.000000000000000000e+00,0.000000000000000000e+00,0.000000000000000000e+00,2.500000000000000000e+00,1.000000000000000000e+00,3.333333333333333037e+00,1.000000000000000000e+00,1.666666666666666963e+00,0.000000000000000000e+00,5.000000000000000000e+00,6.666666666666666297e-01
1.666666666666666963e+00,0.000000000000000000e+00,5.000000000000000000e+00,6.666666666666666297e-01,0.000000000000000000e+00,0.000000000000000000e+00,0.000000000000000000e+00,0.000000000000000000e+00,0.000000000000000000e+00,0.000000000000000000e+00,0.000000000000000000e+00,0.000000000000000000e+00,8.333333333333332593e-01,0.000000000000000000e+00,3.333333333333333037e+00,3.333333333333333148e-01,2.500000000000000000e+00,1.000000000000000000e+00,3.333333333333333037e+00,1.000000000000000000e+00
1.666666666666666963e+00,0.000000000000000000e+00,5.000000000000000000e+00,6.666666666666666297e-01,2.500000000000000000e+00,1.000000000000000000e+00,3.333333333333333037e+00,1.000000000000000000e+00,0.000000000000000000e+00,0.000000000000000000e+00,0.000000000000000000e+00,0.000000000000000000e+00,8.333333333333332593e-01,0.000000000000000000e+00,3.333333333333333037e+00,3.333333333333333148e-01,0.000000000000000000e+00,0.000000000000000000e+00,0.000000000000000000e+00,0.000000000000000000e+00
0.000000000000000000e+00,0.000000000000000000e+00,0.000000000000000000e+00,0.000000000000000000e+00,0.000000000000000000e+00,0.000000000000000000e+00,0.000000000000000000e+00,0.000000000000000000e+00,8.333333333333332593e-01,0.000000000000000000e+00,3.333333333333333037e+00,3.333333333333333148e-01,2.500000000000000000e+00,1.000000000000000000e+00,3.333333333333333037e+00,1.000000000000000000e+00,1.666666666666666963e+00,0.000000000000000000e+00,5.000000000000000000e+00,6.666666666666666297e-01
8.333333333333332593e-01,0.000000000000000000e+00,3.333333333333333037e+00,3.333333333333333148e-01,1.666666666666666963e+00,0.000000000000000000e+00,5.000000000000000000e+00,6.666666666666666297e-01,0.000000000000000000e+00,0.000000000000000000e+00,0.000000000000000000e+00,0.000000000000000000e+00,0.000000000000000000e+00,0.000000000000000000e+00,0.000000000000000000e+00,0.000000000000000000e+00,2.500000000000000000e+00,1.000000000000000000e+00,3.333333333333333037e+00,1.000000000000000000e+00
8.333333333333332593e-01,0.000000000000000000e+00,3.333333333333333037e+00,3.333333333333333148e-01,1.666666666666666963e+00,0.000000000000000000e+00,5.000000000000000000e+00,6.666666666666666297e-01,0.000000000000000000e+00,0.000000000000000000e+00,0.000000000000000000e+00,0.000000000000000000e+00,2.500000000000000000e+00,1.000000000000000000e+00,3.333333333333333037e+00,1.000000000000000000e+00,0.000000000000000000e+00,0.000000000000000000e+00,0.000000000000000000e+00,0.000000000000000000e+00
1.666666666666666963e+00,0.000000000000000000e+00,5.000000000000000000e+00,6.666666666666666297e-01,0.000000000000000000e+00,0.000000000000000000e+00,0.000000000000000000e+00,0.000000000000000000e+00,2.500000000000000000e+00,1.000000000000000000e+00,3.333333333333333037e+00,1.000000000000000000e+00,0.000000000000000000e+00,0.000000000000000000e+00,0.000000000000000000e+00,0.000000000000000000e+00,8.333333333333332593e-01,0.000000000000000000e+00,3.333333333333333037e+00,3.333333333333333148e-01
8.333333333333332593e-01,0.000000000000000000e+00,3.333333333333333037e+00,3.333333333333333148e-01,0.000000000000000000e+00,0.000000000000000000e+00,0.000000000000000000e+00,0.000000000000000000e+00,0.000000000000000000e+00,0.000000000000000000e+00,0.000000000000000000e+00,0.000000000000000000e+00,2.500000000000000000e+00,1.000000000000000000e+00,3.333333333333333037e+00,1.000000000000000000e+00,1.666666666666666963e+00,0.000000000000000000e+00,5.000000000000000000e+00,6.666666666666666297e-01
1.666666666666666963e+00,0.000000000000000000e+00,5.000000000000000000e+00,6.666666666666666297e-01,8.333333333333332593e-01,0.000000000000000000e+00,3.333333333333333037e+00,3.333333333333333148e-01,0.000000000000000000e+00,0.000000000000000000e+00,0.000000000000000000e+00,0.000000000000000000e+00,0.000000000000000000e+00,0.000000000000000000e+00,0.000000000000000000e+00,0.000000000000000000e+00,2.500000000000000000e+00,1.000000000000000000e+00,3.333333333333333037e+00,1.000000000000000000e+00
3.333333333333333925e+00,0.000000000000000000e+00,3.333333333333333037e+00,1.000000000000000000e+00,0.000000000000000000e+00,0.000000000000000000e+00,0.000000000000000000e+00,0.000000000000000000e+00,0.000000000000000000e+00,0.000000000000000000e+00,0.000000000000000000e+00,0.000000000000000000e+00,8.333333333333332593e-01,1.000000000000000000e+00,3.333333333333333037e+00,3.333333333333333148e-01,8.333333333333332593e-01,1.000000000000000000e+00,5.000000000000000000e+00,6.666666666666666297e-01
3.333333333333333925e+00,0.000000000000000000e+00,3.333333333333333037e+00,1.000000000000000000e+00,0.000000000000000000e+00,0.000000000000000000e+00,0.000000000000000000e+00,0.000000000000000000e+00,8.333333333333332593e-01,1.000000000000000000e+00,3.333333333333333037e+00,3.333333333333333148e-01,0.000000000000000000e+00,0.000000000000000000e+00,0.000000000000000000e+00,0.000000000000000000e+00,8.333333333333332593e-01,1.000000000000000000e+00,5.000000000000000000e+00,6.666666666666666297e-01
0.000000000000000000e+00,0.000000000000000000e+00,0.000000000000000000e+00,0.000000000000000000e+00,8.333333333333332593e-01,1.000000000000000000e+00,3.333333333333333037e+00,3.333333333333333148e-01,0.000000000000000000e+00,0.000000000000000000e+00,0.000000000000000000e+00,0.000000000000000000e+00,3.333333333333333925e+00,0.000000000000000000e+00,3.333333333333333037e+00,1.000000000000000000e+00,8.333333333333332593e-01,1.000000000000000000e+00,5.000000000000000000e+00,6.666666666666666297e-01
0.000000000000000000e+00,0.000000000000000000e+00,0.000000000000000000e+00,0.000000000000000000e+00,0.000000000000000000e+00,0.000000000000000000e+00,0.000000000000000000e+00,0.000000000000000000e+00,8.333333333333332593e-01,1.000000000000000000e+00,5.000000000000000000e+00,6.666666666666666297e-01,3.333333333333333925e+00,0.000000000000000000e+00,3.333333333333333037e+00,1.000000000000000000e+00,8.333333333333332593e-01,1.000000000000000000e+00,3.333333333333333037e+00,3.333333333333333148e-01
3.333333333333333925e+00,0.000000000000000000e+00,3.333333333333333037e+00,1.000000000000000000e+00,0.000000000000000000e+00,0.000000000000000000e+00,0.000000000000000000e+00,0.000000000000000000e+00,0.000000000000000000e+00,0.000000000000000000e+00,0.000000000000000000e+00,0.000000000000000000e+00,8.333333333333332593e-01,1.000000000000000000e+00,5.000000000000000000e+00,6.666666666666666297e-01,8.333333333333332593e-01,1.000000000000000000e+00,3.333333333333333037e+00,3.333333333333333148e-01
8.333333333333332593e-01,1.000000000000000000e+00,3.333333333333333037e+00,3.333333333333333148e-01,8.333333333333332593e-01,1.000000000000000000e+00,5.000000000000000000e+00,6.666666666666666297e-01,0.000000000000000000e+00,0.000000000000000000e+00,0.000000000000000000e+00,0.000000000000000000e+00,3.333333333333333925e+00,0.000000000000000000e+00,3.333333333333333037e+00,1.000000000000000000e+00,0.000000000000000000e+00,0.000000000000000000e+00,0.000000000000000000e+00,0.000000000000000000e+00
0.000000000000000000e+00,0.000000000000000000e+00,0.000000000000000000e+00,0.000000000000000000e+00,0.000000000000000000e+00,0.000000000000000000e+00,0.000000000000000000e+00,0.000000000000000000e+00,8.333333333333332593e-01,1.000000000000000000e+00,5.000000000000000000e+00,6.666666666666666297e-01,8.333333333333332593e-01,1.000000000000000000e+00,3.333333333333333037e+00,3.333333333333333148e-01,3.333333333333333925e+00,0.000000000000000000e+00,3.333333333333333037e+00,1.000000000000000000e+00
8.333333333333332593e-01,1.000000000000000000e+00,3.333333333333333037e+00,3.333333333333333148e-01,0.000000000000000000e+00,0.000000000000000000e+00,0.000000000000000000e+00,0.000000000000000000e+00,0.000000000000000000e+00,0.000000000000000000e+00,0.000000000000000000e+00,0.000000000000000000e+00,3.333333333333333925e+00,0.000000000000000000e+00,3.333333333333333037e+00,1.000000000000000000e+00,8.333333333333332593e-01,1.000000000000000000e+00,5.000000000000000000e+00,6.666666666666666297e-01
8.333333333333332593e-01,1.000000000000000000e+00,3.333333333333333037e+00,3.333333333333333148e-01,0.000000000000000000e+00,0.000000000000000000e+00,0.000000000000000000e+00,0.000000000000000000e+00,3.333333333333333925e+00,0.000000000000000000e+00,3.333333333333333037e+00,1.000000000000000000e+00,8.333333333333332593e-01,1.000000000000000000e+00,5.000000000000000000e+00,6.666666666666666297e-01,0.000000000000000000e+00,0.000000000000000000e+00,0.000000000000000000e+00,0.000000000000000000e+00
8.333333333333332593e-01,1.000000000000000000e+00,5.000000000000000000e+00,6.666666666666666297e-01,0.000000000000000000e+00,0.000000000000000000e+00,0.000000000000000000e+00,0.000000000000000000e+00,8.333333333333332593e-01,1.000000000000000000e+00,3.333333333333333037e+00,3.333333333333333148e-01,3.333333333333333925e+00,0.000000000000000000e+00,3.333333333333333037e+00,1.000000000000000000e+00,0.000000000000000000e+00,0.000000000000000000e+00,0.000000000000000000e+00,0.000000000000000000e+00
8.333333333333332593e-01,1.000000000000000000e+00,3.333333333333333037e+00,3.333333333333333148e-01,0.000000000000000000e+00,0.000000000000000000e+00,0.000000000000000000e+00,0.000000000000000000e+00,1.666666666666666963e+00,1.000000000000000000e+00,5.000000000000000000e+00,6.666666666666666297e-01,0.000000000000000000e+00,0.000000000000000000e+00,0.000000000000000000e+00,0.000000000000000000e+00,2.500000000000000000e+00,0.000000000000000000e+00,3.333333333333333037e+00,1.000000000000000000e+00
0.000000000000000000e+00,0.000000000000000000e+00,0.000000000000000000e+00,0.000000000000000000e+00,1.666666666666666963e+00,1.000000000000000000e+00,5.000000000000000000e+00,6.666666666666666297e-01,0.000000000000000000e+00,0.000000000000000000e+00,0.000000000000000000e+00,0.000000000000000000e+00,8.333333333333332593e-01,1.000000000000000000e+00,3.333333333333333037e+00,3.333333333333333148e-01,2.500000000000000000e+00,0.000000000000000000e+00,3.333333333333333037e+00,1.000000000000000000e+00
1.666666666666666963e+00,1.000000000000000000e+00,5.000000000000000000e+00,6.666666666666666297e-01,0.000000000000000000e+00,0.000000000000000000e+00,0.000000000000000000e+00,0.000000000000000000e+00,2.500000000000000000e+00,0.000000000000000000e+00,3.333333333333333037e+00,1.000000000000000000e+00,0.000000000000000000e+00,0.000000000000000000e+00,0.000000000000000000e+00,0.000000000000000000e+00,8.333333333333332593e-01,1.000000000000000000e+00,3.333333333333333037e+00,3.333333333333333148e-01
0.000000000000000000e+00,0.000000000000000000e+00,0.000000000000000000e+00,0.000000000000000000e+00,0.000000000000000000e+00,0.000000000000000000e+00,0.000000000000000000e+00,0.000000000000000000e+00,1.666666666666666963e+00,1.000000000000000000e+00,5.000000000000000000e+00,6.666666666666666297e-01,2.500000000000000000e+00,0.000000000000000000e+00,3.333333333333333037e+00,1.000000000000000000e+00,8.333333333333332593e-01,1.000000000000000000e+00,3.333333333333333037e+00,3.333333333333333148e-01
0.000000000000000000e+00,0.000000000000000000e+00,0.000000000000000000e+00,0.000000000000000000e+00,2.500000000000000000e+00,0.000000000000000000e+00,3.333333333333333037e+00,1.000000000000000000e+00,0.000000000000000000e+00,0.000000000000000000e+00,0.000000000000000000e+00,0.000000000000000000e+00,8.333333333333332593e-01,1.000000000000000000e+00,3.333333333333333037e+00,3.333333333333333148e-01,1.666666666666666963e+00,1.000000000000000000e+00,5.000000000000000000e+00,6.666666666666666297e-01
1.666666666666666963e+00,1.000000000000000000e+00,5.000000000000000000e+00,6.666666666666666297e-01,0.000000000000000000e+00,0.000000000000000000e+00,0.000000000000000000e+00,0.000000000000000000e+00,8.333333333333332593e-01,1.000000000000000000e+00,3.333333333333333037e+00,3.333333333333333148e-01,2.500000000000000000e+00,0.000000000000000000e+00,3.333333333333333037e+00,1.000000000000000000e+00,0.000000000000000000e+00,0.000000000000000000e+00,0.000000000000000000e+00,0.000000000000000000e+00
8.333333333333332593e-01,1.000000000000000000e+00,3.333333333333333037e+00,3.333333333333333148e-01,0.000000000000000000e+00,0.000000000000000000e+00,0.000000000000000000e+00,0.000000000000000000e+00,0.000000000000000000e+00,0.000000000000000000e+00,0.000000000000000000e+00,0.000000000000000000e+00,2.500000000000000000e+00,0.000000000000000000e+00,3.333333333333333037e+00,1.000000000000000000e+00,1.666666666666666963e+00,1.000000000000000000e+00,5.000000000000000000e+00,6.666666666666666297e-01
8.333333333333332593e-01,1.000000000000000000e+00,3.333333333333333037e+00,3.333333333333333148e-01,2.500000000000000000e+00,0.000000000000000000e+00,3.333333333333333037e+00,1.000000000000000000e+00,0.000000000000000000e+00,0.000000000000000000e+00,0.000000000000000000e+00,0.000000000000000000e+00,1.666666666666666963e+00,1.000000000000000000e+00,5.000000000000000000e+00,6.666666666666666297e-01,0.000000000000000000e+00,0.000000000000000000e+00,0.000000000000000000e+00,0.000000000000000000e+00
1.666666666666666963e+00,1.000000000000000000e+00,5.000000000000000000e+00,6.666666666666666297e-01,0.000000000000000000e+00,0.000000000000000000e+00,0.000000000000000000e+00,0.000000000000000000e+00,0.000000000000000000e+00,0.000000000000000000e+00,0.000000000000000000e+00,0.000000000000000000e+00,8.333333333333332593e-01,1.000000000000000000e+00,3.333333333333333037e+00,3.333333333333333148e-01,2.500000000000000000e+00,0.000000000000000000e+00,3.333333333333333037e+00,1.000000000000000000e+00
0.000000000000000000e+00,0.000000000000000000e+00,0.000000000000000000e+00,0.000000000000000000e+00,0.000000000000000000e+00,0.000000000000000000e+00,0.000000000000000000e+00,0.000000000000000000e+00,2.500000000000000000e+00,0.000000000000000000e+00,3.333333333333333037e+00,1.000000000000000000e+00,1.666666666666666963e+00,1.000000000000000000e+00,5.000000000000000000e+00,6.666666666666666297e-01,8.333333333333332593e-01,1.000000000000000000e+00,3.333333333333333037e+00,3.333333333333333148e-01
1.666666666666666963e+00,1.000000000000000000e+00,2.500000000000000000e+00,6.666666666666666297e-01,0.000000000000000000e+00,0.000000000000000000e+00,0.000000000000000000e+00,0.000000000000000000e+00,1.666666666666666519e+00,0.000000000000000000e+00,1.250000000000000000e+00,3.333333333333333148e-01,0.000000000000000000e+00,0.000000000000000000e+00,0.000000000000000000e+00,0.000000000000000000e+00,1.666666666666666963e+00,1.000000000000000000e+00,5.000000000000000000e+00,1.000000000000000000e+00
1.666666666666666963e+00,1.000000000000000000e+00,5.000000000000000000e+00,1.000000000000000000e+00,0.000000000000000000e+00,0.000000000000000000e+00,0.000000000000000000e+00,0.000000000000000000e+00,1.666666666666666519e+00,0.000000000000000000e+00,1.250000000000000000e+00,3.333333333333333148e-01,1.666666666666666963e+00,1.000000000000000000e+00,2.500000000000000000e+00,6.666666666666666297e-01,0.000000000000000000e+00,0.000000000000000000e+00,0.000000000000000000e+00,0.000000000000000000e+00
0.000000000000000000e+00,0.000000000000000000e+00,0.000000000000000000e+00,0.000000000000000000e+00,0.000000000000000000e+00,0.000000000000000000e+00,0.000000000000000000e+00,0.000000000000000000e+00,1.666666666666666963e+00,1.000000000000000000e+00,2.500000000000000000e+00,6.666666666666666297e-01,1.666666666666666963e+00,1.000000000000000000e+00,5.000000000000000000e+00,1.000000000000000000e+00,1.666666666666666519e+00,0.000000000000000000e+00,1.250000000000000000e+00,3.333333333333333148e-01
0.000000000000000000e+00,0.000000000000000000e+00,0.000000000000000000e+00,0.000000000000000000e+00,1.666666666666666519e+00,0.000000000000000000e+00,1.250000000000000000e+00,3.333333333333333148e-01,0.000000000000000000e+00,0.000000000000000000e+00,0.000000000000000000e+00,0.000000000000000000e+00,1.666666666666666963e+00,1.000000000000000000e+00,2.500000000000000000e+00,6.666666666666666297e-01,1.666666666666666963e+00,1.000000000000000000e+00,5.000000000000000000e+00,1.000000000000000000e+00
0.000000000000000000e+00,0.000000000000000000e+00,0.000000000000000000e+00,0.000000000000000000e+00,1.666666666666666963e+00,1.000000000000000000e+00,5.000000000000000000e+00,1.000000000000000000e+00,0.000000000000000000e+00,0.000000000000000000e+00,0.000000000000000000e+00,0.000000000000000000e+00,1.666666666666666963e+00,1.000000000000000000e+00,2.500000000000000000e+00,6.666666666666666297e-01,1.666666666666666519e+00,0.000000000000000000e+00,1.250000000000000000e+00,3.333333333333333148e-01
1.666666666666666963e+00,1.000000000000000000e+00,2.500000000000000000e+00,6.666666666666666297e-01,1.666666666666666963e+00,1.000000000000000000e+00,5.000000000000000000e+00,1.000000000000000000e+00,0.000000000000000000e+00,0.000000000000000000e+00,0.000000000000000000e+00,0.000000000000000000e+00,1.666666666666666519e+00,0.000000000000000000e+00,1.250000000000000000e+00,3.333333333333333148e-01,0.000000000000000000e+00,0.000000000000000000e+00,0.000000000000000000e+00,0.000000000000000000e+00
1.666666666666666963e+00,1.000000000000000000e+00,5.000000000000000000e+00,1.000000000000000000e+00,0.000000000000000000e+00,0.000000000000000000e+00,0.000000000000000000e+00,0.000000000000000000e+00,0.000000000000000000e+00,0.000000000000000000e+00,0.000000000000000000e+00,0.000000000000000000e+00,1.666666666666666963e+00,1.000000000000000000e+00,2.500000000000000000e+00,6.666666666666666297e-01,1.666666666666666519e+00,0.000000000000000000e+00,1.250000000000000000e+00,3.333333333333333148e-01
1.666666666666666963e+00,1.000000000000000000e+00,5.000000000000000000e+00,1.000000000000000000e+00,0.000000000000000000e+00,0.000000000000000000e+00,0.000000000000000000e+00,0.000000000000000000e+00,1.666666666666666519e+00,0.000000000000000000e+00,1.250000000000000000e+00,3.333333333333333148e-01,0.000000000000000000e+00,0.000000000000000000e+00,0.000000000000000000e+00,0.000000000000000000e+00,1.666666666666666963e+00,1.000000000000000000e+00,2.500000000000000000e+00,6.666666666666666297e-01
0.000000000000000000e+00,0.000000000000000000e+00,0.000000000000000000e+00,0.000000000000000000e+00,0.000000000000000000e+00,0.000000000000000000e+00,0.000000000000000000e+00,0.000000000000000000e+00,1.666666666666666519e+00,0.000000000000000000e+00,1.250000000000000000e+00,3.333333333333333148e-01,1.666666666666666963e+00,1.000000000000000000e+00,2.500000000000000000e+00,6.666666666666666297e-01,1.666666666666666963e+00,1.000000000000000000e+00,5.000000000000000000e+00,1.000000000000000000e+00
1.666666666666666963e+00,1.000000000000000000e+00,2.500000000000000000e+00,6.666666666666666297e-01,0.000000000000000000e+00,0.000000000000000000e+00,0.000000000000000000e+00,0.000000000000000000e+00,1.666666666666666963e+00,1.000000000000000000e+00,5.000000000000000000e+00,1.000000000000000000e+00,1.666666666666666519e+00,0.000000000000000000e+00,1.250000000000000000e+00,3.333333333333333148e-01,0.000000000000000000e+00,0.000000000000000000e+00,0.000000000000000000e+00,0.000000000000000000e+00
8.333333333333332593e-01,1.000000000000000000e+00,2.500000000000000000e+00,6.666666666666666297e-01,0.000000000000000000e+00,0.000000000000000000e+00,0.000000000000000000e+00,0.000000000000000000e+00,0.000000000000000000e+00,0.000000000000000000e+00,0.000000000000000000e+00,0.000000000000000000e+00,1.666666666666666963e+00,1.000000000000000000e+00,5.000000000000000000e+00,1.000000000000000000e+00,2.500000000000000000e+00,0.000000000000000000e+00,1.250000000000000000e+00,3.333333333333333148e-01
0.000000000000000000e+00,0.000000000000000000e+00,0.000000000000000000e+00,0.000000000000000000e+00,2.500000000000000000e+00,0.000000000000000000e+00,1.250000000000000000e+00,3.333333333333333148e-01,0.000000000000000000e+00,0.000000000000000000e+00,0.000000000000000000e+00,0.000000000000000000e+00,1.666666666666666963e+00,1.000000000000000000e+00,5.000000000000000000e+00,1.000000000000000000e+00,8.333333333333332593e-01,1.000000000000000000e+00,2.500000000000000000e+00,6.666666666666666297e-01
8.333333333333332593e-01,1.000000000000000000e+00,2.500000000000000000e+00,6.666666666666666297e-01,0.000000000000000000e+00,0.000000000000000000e+00,0.000000000000000000e+00,0.000000000000000000e+00,2.500000000000000000e+00,0.000000000000000000e+00,1.250000000000000000e+00,3.333333333333333148e-01,1.666666666666666963e+00,1.000000000000000000e+00,5.000000000000000000e+00,1.000000000000000000e+00,0.000000000000000000e+00,0.000000000000000000e+00,0.000000000000000000e+00,0.000000000000000000e+00
8.333333333333332593e-01,1.000000000000000000e+00,2.500000000000000000e+00,6.666666666666666297e-01,0.000000000000000000e+00,0.000000000000000000e+00,0.000000000000000000e+00,0.000000000000000000e+00,1.666666666666666963e+00,1.000000000000000000e+00,5.000000000000000000e+00,1.000000000000000000e+00,0.000000000000000000e+00,0.000000000000000000e+00,0.000000000000000000e+00,0.000000000000000000e+00,2.500000000000000000e+00,0.000000000000000000e+00,1.250000000000000000e+00,3.333333333333333148e-01
0.000000000000000000e+00,0.000000000000000000e+00,0.000000000000000000e+00,0.000000000000000000e+00,1.666666666666666963e+00,1.000000000000000000e+00,5.000000000000000000e+00,1.000000000000000000e+00,0.000000000000000000e+00,0.000000000000000000e+00,0.000000000000000000e+00,0.000000000000000000e+00,2.500000000000000000e+00,0.000000000000000000e+00,1.250000000000000000e+00,3.333333333333333148e-01,8.333333333333332593e-01,1.000000000000000000e+00,2.500000000000000000e+00,6.666666666666666297e-01
8.333333333333332593e-01,1.000000000000000000e+00,2.500000000000000000e+00,6.666666666666666297e-01,2.500000000000000000e+00,0.000000000000000000e+00,1.250000000000000000e+00,3.333333333333333148e-01,0.000000000000000000e+00,0.000000000000000000e+00,0.000000000000000000e+00,0.000000000000000000e+00,0.000000000000000000e+00,0.000000000000000000e+00,0.000000000000000000e+00,0.000000000000000000e+00,1.666666666666666963e+00,1.000000000000000000e+00,5.000000000000000000e+00,1.000000000000000000e+00
8.333333333333332593e-01,1.000000000000000000e+00,2.500000000000000000e+00,6.666666666666666297e-01,1.666666666666666963e+00,1.000000000000000000e+00,5.000000000000000000e+00,1.000000000000000000e+00,0.000000000000000000e+00,0.000000000000000000e+00,0.000000000000000000e+00,0.000000000000000000e+00,2.500000000000000000e+00,0.000000000000000000e+00,1.250000000000000000e+00,3.333333333333333148e-01,0.000000000000000000e+00,0.000000000000000000e+00,0.000000000000000000e+00,0.000000000000000000e+00
0.000000000000000000e+00,0.000000000000000000e+00,0.000000000000000000e+00,0.000000000000000000e+00,0.000000000000000000e+00,0.000000000000000000e+00,0.000000000000000000e+00,0.000000000000000000e+00,1.666666666666666963e+00,1.000000000000000000e+00,5.000000000000000000e+00,1.000000000000000000e+00,8.333333333333332593e-01,1.000000000000000000e+00,2.500000000000000000e+00,6.666666666666666297e-01,2.500000000000000000e+00,0.000000000000000000e+00,1.250000000000000000e+00,3.333333333333333148e-01
0.000000000000000000e+00,0.000000000000000000e+00,0.000000000000000000e+00,0.000000000000000000e+00,8.333333333333332593e-01,1.000000000000000000e+00,2.500000000000000000e+00,6.666666666666666297e-01,0.000000000000000000e+00,0.000000000000000000e+00,0.000000000000000000e+00,0.000000000000000000e+00,2.500000000000000000e+00,0.000000000000000000e+00,1.250000000000000000e+00,3.333333333333333148e-01,1.666666666666666963e+00,1.000000000000000000e+00,5.000000000000000000e+00,1.000000000000000000e+00
0.000000000000000000e+00,0.000000000000000000e+00,0.000000000000000000e+00,0.000000000000000000e+00,0.000000000000000000e+00,0.000000000000000000e+00,0.000000000000000000e+00,0.000000000000000000e+00,8.333333333333332593e-01,1.000000000000000000e+00,2.500000000000000000e+00,6.666666666666666297e-01,1.666666666666666963e+00,1.000000000000000000e+00,5.000000000000000000e+00,1.000000000000000000e+00,2.500000000000000000e+00,0.000000000000000000e+00,1.250000000000000000e+00,3.333333333333333148e-01
1.041666666666666519e+00,1.000000000000000000e+00,3.750000000000000000e+00,5.000000000000000000e-01,0.000000000000000000e+00,0.000000000000000000e+00,0.000000000000000000e+00,0.000000000000000000e+00,1.458333333333333037e+00,1.000000000000000000e+00,5.000000000000000000e+00,1.000000000000000000e+00,1.458333333333333481e+00,1.000000000000000000e+00,2.500000000000000000e+00,2.500000000000000000e-01,1.041666666666666741e+00,1.000000000000000000e+00,2.500000000000000000e+00,7.500000000000000000e-01
1.458333333333333481e+00,1.000000000000000000e+00,2.500000000000000000e+00,2.500000000000000000e-01,0.000000000000000000e+00,0.000000000000000000e+00,0.000000000000000000e+00,0.000000000000000000e+00,1.041666666666666519e+00,1.000000000000000000e+00,3.750000000000000000e+00,5.000000000000000000e-01,1.041666666666666741e+00,1.000000000000000000e+00,2.500000000000000000e+00,7.500000000000000000e-01,1.458333333333333037e+00,1.000000000000000000e+00,5.000000000000000000e+00,1.000000000000000000e+00
1.458333333333333037e+00,1.000000000000000000e+00,5.000000000000000000e+00,1.000000000000000000e+00,0.000000000000000000e+00,0.000000000000000000e+00,0.000000000000000000e+00,0.000000000000000000e+00,1.041666666666666519e+00,1.000000000000000000e+00,3.750000000000000000e+00,5.000000000000000000e-01,1.458333333333333481e+00,1.000000000000000000e+00,2.500000000000000000e+00,2.500000000000000000e-01,1.041666666666666741e+00,1.000000000000000000e+00,2.500000000000000000e+00,7.500000000000000000e-01
1.041666666666666519e+00,1.000000000000000000e+00,3.750000000000000000e+00,5.000000000000000000e-01,1.458333333333333481e+00,1.000000000000000000e+00,2.500000000000000000e+00,2.500000000000000000e-01,0.000000000000000000e+00,0.000000000000000000e+00,0.000000000000000000e+00,0.000000000000000000e+00,1.458333333333333037e+00,1.000000000000000000e+00,5.000000000000000000e+00,1.000000000000000000e+00,1.041666666666666741e+00,1.000000000000000000e+00,2.500000000000000000e+00,7.500000000000000000e-01
1.458333333333333037e+00,1.000000000000000000e+00,5.000000000000000000e+00,1.000000000000000000e+00,1.041666666666666519e+00,1.000000000000000000e+00,3.750000000000000000e+00,5.000000000000000000e-01,0.000000000000000000e+00,0.000000000000000000e+00,0.000000000000000000e+00,0.000000000000000000e+00,1.041666666666666741e+00,1.000000000000000000e+00,2.500000000000000000e+00,7.500000000000000000e-01,1.458333333333333481e+00,1.000000000000000000e+00,2.500000000000000000e+00,2.500000000000000000e-01
1.041666666666666519e+00,1.000000000000000000e+00,3.750000000000000000e+00,5.000000000000000000e-01,1.458333333333333037e+00,1.000000000000000000e+00,5.000000000000000000e+00,1.000000000000000000e+00,0.000000000000000000e+00,0.000000000000000000e+00,0.000000000000000000e+00,0.000000000000000000e+00,1.041666666666666741e+00,1.000000000000000000e+00,2.500000000000000000e+00,7.500000000000000000e-01,1.458333333333333481e+00,1.000000000000000000e+00,2.500000000000000000e+00,2.500000000000000000e-01
1.458333333333333481e+00,1.000000000000000000e+00,2.500000000000000000e+00,2.500000000000000000e-01,1.041666666666666519e+00,1.000000000000000000e+00,3.750000000000000000e+00,5.000000000000000000e-01,0.000000000000000000e+00,0.000000000000000000e+00,0.000000000000000000e+00,0.000000000000000000e+00,1.041666666666666741e+00,1.000000000000000000e+00,2.500000000000000000e+00,7.500000000000000000e-01,1.458333333333333037e+00,1.000000000000000000e+00,5.000000000000000000e+00,1.000000000000000000e+00
1.458333333333333481e+00,1.000000000000000000e+00,2.500000000000000000e+00,2.500000000000000000e-01,1.458333333333333037e+00,1.000000000000000000e+00,5.000000000000000000e+00,1.000000000000000000e+00,0.000000000000000000e+00,0.000000000000000000e+00,0.000000000000000000e+00,0.000000000000000000e+00,1.041666666666666519e+00,1.000000000000000000e+00,3.750000000000000000e+00,5.000000000000000000e-01,1.041666666666666741e+00,1.000000000000000000e+00,2.500000000000000000e+00,7.500000000000000000e-01
1.458333333333333037e+00,1.000000000000000000e+00,5.000000000000000000e+00,1.000000000000000000e+00,0.000000000000000000e+00,0.000000000000000000e+00,0.000000000000000000e+00,0.000000000000000000e+00,1.458333333333333481e+00,1.000000000000000000e+00,2.500000000000000000e+00,2.500000000000000000e-01,1.041666666666666519e+00,1.000000000000000000e+00,3.750000000000000000e+00,5.000000000000000000e-01,1.041666666666666741e+00,1.000000000000000000e+00,2.500000000000000000e+00,7.500000000000000000e-01
1.041666666666666519e+00,1.000000000000000000e+00,3.750000000000000000e+00,5.000000000000000000e-01,1.041666666666666741e+00,1.000000000000000000e+00,2.500000000000000000e+00,7.500000000000000000e-01,0.000000000000000000e+00,0.000000000000000000e+00,0.000000000000000000e+00,0.000000000000000000e+00,1.458333333333333037e+00,1.000000000000000000e+00,5.000000000000000000e+00,1.000000000000000000e+00,1.458333333333333481e+00,1.000000000000000000e+00,2.500000000000000000e+00,2.500000000000000000e-01
1.250000000000000000e+00,0.000000000000000000e+00,2.500000000000000000e+00,7.500000000000000000e-01,0.000000000000000000e+00,0.000000000000000000e+00,0.000000000000000000e+00,0.000000000000000000e+00,1.250000000000000000e+00,0.000000000000000000e+00,5.000000000000000000e+00,1.000000000000000000e+00,1.250000000000000000e+00,0.000000000000000000e+00,3.750000000000000000e+00,5.000000000000000000e-01,1.250000000000000000e+00,0.000000000000000000e+00,2.500000000000000000e+00,2.500000000000000000e-01
1.250000000000000000e+00,0.000000000000000000e+00,3.750000000000000000e+00,5.000000000000000000e-01,0.000000000000000000e+00,0.000000000000000000e+00,0.000000000000000000e+00,0.000000000000000000e+00,1.250000000000000000e+00,0.000000000000000000e+00,5.000000000000000000e+00,1.000000000000000000e+00,1.250000000000000000e+00,0.000000000000000000e+00,2.500000000000000000e+00,7.500000000000000000e-01,1.250000000000000000e+00,0.000000000000000000e+00,2.500000000000000000e+00,2.500000000000000000e-01
1.250000000000000000e+00,0.000000000000000000e+00,2.500000000000000000e+00,7.500000000000000000e-01,1.250000000000000000e+00,0.000000000000000000e+00,3.750000000000000000e+00,5.000000000000000000e-01,0.000000000000000000e+00,0.000000000000000000e+00,0.000000000000000000e+00,0.000000000000000000e+00,1.250000000000000000e+00,0.000000000000000000e+00,2.500000000000000000e+00,2.500000000000000000e-01,1.250000000000000000e+00,0.000000000000000000e+00,5.000000000000000000e+00,1.000000000000000000e+00
1.250000000000000000e+00,0.000000000000000000e+00,2.500000000000000000e+00,2.500000000000000000e-01,1.250000000000000000e+00,0.000000000000000000e+00,5.000000000000000000e+00,1.000000000000000000e+00,0.000000000000000000e+00,0.000000000000000000e+00,0.000000000000000000e+00,0.000000000000000000e+00,1.250000000000000000e+00,0.000000000000000000e+00,2.500000000000000000e+00,7.500000000000000000e-01,1.250000000000000000e+00,0.000000000000000000e+00,3.750000000000000000e+00,5.000000000000000000e-01
1.250000000000000000e+00,0.000000000000000000e+00,3.750000000000000000e+00,5.000000000000000000e-01,1.250000000000000000e+00,0.000000000000000000e+00,2.500000000000000000e+00,7.500000000000000000e-01,0.000000000000000000e+00,0.000000000000000000e+00,0.000000000000000000e+00,0.000000000000000000e+00,1.250000000000000000e+00,0.000000000000000000e+00,2.500000000000000000e+00,2.500000000000000000e-01,1.250000000000000000e+00,0.000000000000000000e+00,5.000000000000000000e+00,1.000000000000000000e+00
1.250000000000000000e+00,0.000000000000000000e+00,2.500000000000000000e+00,2.500000000000000000e-01,1.250000000000000000e+00,0.000000000000000000e+00,2.500000000000000000e+00,7.500000000000000000e-01,0.000000000000000000e+00,0.000000000000000000e+00,0.000000000000000000e+00,0.000000000000000000e+00,1.250000000000000000e+00,0.000000000000000000e+00,3.750000000000000000e+00,5.000000000000000000e-01,1.250000000000000000e+00,0.000000000000000000e+00,5.000000000000000000e+00,1.000000000000000000e+00
1.250000000000000000e+00,0.000000000000000000e+00,2.500000000000000000e+00,7.500000000000000000e-01,0.000000000000000000e+00,0.000000000000000000e+00,0.000000000000000000e+00,0.000000000000000000e+00,1.250000000000000000e+00,0.000000000000000000e+00,3.750000000000000000e+00,5.000000000000000000e-01,1.250000000000000000e+00,0.000000000000000000e+00,2.500000000000000000e+00,2.500000000000000000e-01,1.250000000000000000e+00,0.000000000000000000e+00,5.000000000000000000e+00,1.000000000000000000e+00
1.250000000000000000e+00,0.000000000000000000e+00,5.000000000000000000e+00,1.000000000000000000e+00,0.000000000000000000e+00,0.000000000000000000e+00,0.000000000000000000e+00,0.000000000000000000e+00,1.250000000000000000e+00,0.000000000000000000e+00,2.500000000000000000e+00,7.500000000000000000e-01,1.250000000000000000e+00,0.000000000000000000e+00,2.500000000000000000e+00,2.500000000000000000e-01,1.250000000000000000e+00,0.000000000000000000e+00,3.750000000000000000e+00,5.000000000000000000e-01
1.250000000000000000e+00,0.000000000000000000e+00,2.500000000000000000e+00,7.500000000000000000e-01,0.000000000000000000e+00,0.000000000000000000e+00,0.000000000000000000e+00,0.000000000000000000e+00,1.250000000000000000e+00,0.000000000000000000e+00,3.750000000000000000e+00,5.000000000000000000e-01,1.250000000000000000e+00,0.000000000000000000e+00,5.000000000000000000e+00,1.000000000000000000e+00,1.250000000000000000e+00,0.000000000000000000e+00,2.500000000000000000e+00,2.500000000000000000e-01
1.250000000000000000e+00,0.000000000000000000e+00,2.500000000000000000e+00,2.500000000000000000e-01,1.250000000000000000e+00,0.000000000000000000e+00,2.500000000000000000e+00,7.500000000000000000e-01,0.000000000000000000e+00,0.000000000000000000e+00,0.000000000000000000e+00,0.000000000000000000e+00,1.250000000000000000e+00,0.000000000000000000e+00,5.000000000000000000e+00,1.000000000000000000e+00,1.250000000000000000e+00,0.000000000000000000e+00,3.750000000000000000e+00,5.000000000000000000e-01
3.333333333333333037e+00,1.000000000000000000e+00,1.000000000000000000e+00,2.500000000000000000e-01,5.555555555555556912e-01,0.000000000000000000e+00,5.000000000000000000e+00,1.000000000000000000e+00,0.000000000000000000e+00,0.000000000000000000e+00,0.000000000000000000e+00,0.000000000000000000e+00,5.555555555555555802e-01,0.000000000000000000e+00,2.000000000000000000e+00,5.000000000000000000e-01,5.555555555555556912e-01,0.000000000000000000e+00,3.000000000000000000e+00,7.500000000000000000e-01
5.555555555555556912e-01,0.000000000000000000e+00,5.000000000000000000e+00,1.000000000000000000e+00,0.000000000000000000e+00,0.000000000000000000e+00,0.000000000000000000e+00,0.000000000000000000e+00,5.555555555555556912e-01,0.000000000000000000e+00,3.000000000000000000e+00,7.500000000000000000e-01,5.555555555555555802e-01,0.000000000000000000e+00,2.000000000000000000e+00,5.000000000000000000e-01,3.333333333333333037e+00,1.000000000000000000e+00,1.000000000000000000e+00,2.500000000000000000e-01
5.555555555555556912e-01,0.000000000000000000e+00,5.000000000000000000e+00,1.000000000000000000e+00,0.000000000000000000e+00,0.000000000000000000e+00,0.000000000000000000e+00,0.000000000000000000e+00,5.555555555555555802e-01,0.000000000000000000e+00,2.000000000000000000e+00,5.000000000000000000e-01,3.333333333333333037e+00,1.000000000000000000e+00,1.000000000000000000e+00,2.500000000000000000e-01,5.555555555555556912e-01,0.000000000000000000e+00,3.000000000000000000e+00,7.500000000000000000e-01
3.333333333333333037e+00,1.000000000000000000e+00,1.000000000000000000e+00,2.500000000000000000e-01,0.000000000000000000e+00,0.000000000000000000e+00,0.000000000000000000e+00,0.000000000000000000e+00,5.555555555555555802e-01,0.000000000000000000e+00,2.000000000000000000e+00,5.000000000000000000e-01,5.555555555555556912e-01,0.000000000000000000e+00,5.000000000000000000e+00,1.000000000000000000e+00,5.555555555555556912e-01,0.000000000000000000e+00,3.000000000000000000e+00,7.500000000000000000e-01
3.333333333333333037e+00,1.000000000000000000e+00,1.000000000000000000e+00,2.500000000000000000e-01,5.555555555555555802e-01,0.000000000000000000e+00,2.000000000000000000e+00,5.000000000000000000e-01,0.000000000000000000e+00,0.000000000000000000e+00,0.000000000000000000e+00,0.000000000000000000e+00,5.555555555555556912e-01,0.000000000000000000e+00,3.000000000000000000e+00,7.500000000000000000e-01,5.555555555555556912e-01,0.000000000000000000e+00,5.000000000000000000e+00,1.000000000000000000e+00
5.555555555555556912e-01,0.000000000000000000e+00,3.000000000000000000e+00,7.500000000000000000e-01,0.000000000000000000e+00,0.000000000000000000e+00,0.000000000000000000e+00,0.000000000000000000e+00,5.555555555555555802e-01,0.000000000000000000e+00,2.000000000000000000e+00,5.000000000000000000e-01,5.555555555555556912e-01,0.000000000000000000e+00,5.000000000000000000e+00,1.000000000000000000e+00,3.333333333333333037e+00,1.000000000000000000e+00,1.000000000000000000e+00,2.500000000000000000e-01
5.555555555555556912e-01,0.000000000000000000e+00,5.000000000000000000e+00,1.000000000000000000e+00,3.333333333333333037e+00,1.000000000000000000e+00,1.000000000000000000e+00,2.500000000000000000e-01,0.000000000000000000e+00,0.000000000000000000e+00,0.000000000000000000e+00,0.000000000000000000e+00,5.555555555555555802e-01,0.000000000000000000e+00,2.000000000000000000e+00,5.000000000000000000e-01,5.555555555555556912e-01,0.000000000000000000e+00,3.000000000000000000e+00,7.500000000000000000e-01
5.555555555555556912e-01,0.000000000000000000e+00,5.000000000000000000e+00,1.000000000000000000e+00,0.000000000000000000e+00,0.000000000000000000e+00,0.000000000000000000e+00,0.000000000000000000e+00,5.555555555555555802e-01,0.000000000000000000e+00,2.000000000000000000e+00,5.000000000000000000e-01,5.555555555555556912e-01,0.000000000000000000e+00,3.000000000000000000e+00,7.500000000000000000e-01,3.333333333333333037e+00,1.000000000000000000e+00,1.000000000000000000e+00,2.500000000000000000e-01
3.333333333333333037e+00,1.000000000000000000e+00,1.000000000000000000e+00,2.500000000000000000e-01,5.555555555555556912e-01,0.000000000000000000e+00,3.000000000000000000e+00,7.500000000000000000e-01,0.000000000000000000e+00,0.000000000000000000e+00,0.000000000000000000e+00,0.000000000000000000e+00,5.555555555555556912e-01,0.000000000000000000e+00,5.000000000000000000e+00,1.000000000000000000e+00,5.555555555555555802e-01,0.000000000000000000e+00,2.000000000000000000e+00,5.000000000000000000e-01
5.555555555555555802e-01,0.000000000000000000e+00,2.000000000000000000e+00,5.000000000000000000e-01,0.000000000000000000e+00,0.000000000000000000e+00,0.000000000000000000e+00,0.000000000000000000e+00,3.333333333333333037e+00,1.000000000000000000e+00,1.000000000000000000e+00,2.500000000000000000e-01,5.555555555555556912e-01,0.000000000000000000e+00,5.000000000000000000e+00,1.000000000000000000e+00,5.555555555555556912e-01,0.000000000000000000e+00,3.000000000000000000e+00,7.500000000000000000e-01
8.333333333333334814e-01,1.000000000000000000e+00,5.000000000000000000e+00,1.000000000000000000e+00,8.333333333333332593e-01,1.000000000000000000e+00,2.000000000000000000e+00,5.000000000000000000e-01,0.000000000000000000e+00,0.000000000000000000e+00,0.000000000000000000e+00,0.000000000000000000e+00,8.333333333333334814e-01,1.000000000000000000e+00,3.000000000000000000e+00,7.500000000000000000e-01,2.500000000000000000e+00,0.000000000000000000e+00,1.000000000000000000e+00,2.500000000000000000e-01
8.333333333333334814e-01,1.000000000000000000e+00,5.000000000000000000e+00,1.000000000000000000e+00,2.500000000000000000e+00,0.000000000000000000e+00,1.000000000000000000e+00,2.500000000000000000e-01,0.000000000000000000e+00,0.000000000000000000e+00,0.000000000000000000e+00,0.000000000000000000e+00,8.333333333333334814e-01,1.000000000000000000e+00,3.000000000000000000e+00,7.500000000000000000e-01,8.333333333333332593e-01,1.000000000000000000e+00,2.000000000000000000e+00,5.000000000000000000e-01
8.333333333333334814e-01,1.000000000000000000e+00,3.000000000000000000e+00,7.500000000000000000e-01,2.500000000000000000e+00,0.000000000000000000e+00,1.000000000000000000e+00,2.500000000000000000e-01,0.000000000000000000e+00,0.000000000000000000e+00,0.000000000000000000e+00,0.000000000000000000e+00,8.333333333333332593e-01,1.000000000000000000e+00,2.000000000000000000e+00,5.000000000000000000e-01,8.333333333333334814e-01,1.000000000000000000e+00,5.000000000000000000e+00,1.000000000000000000e+00
8.333333333333332593e-01,1.000000000000000000e+00,2.000000000000000000e+00,5.000000000000000000e-01,0.000000000000000000e+00,0.000000000000000000e+00,0.000000000000000000e+00,0.000000000000000000e+00,8.333333333333334814e-01,1.000000000000000000e+00,5.000000000000000000e+00,1.000000000000000000e+00,8.333333333333334814e-01,1.000000000000000000e+00,3.000000000000000000e+00,7.500000000000000000e-01,2.500000000000000000e+00,0.000000000000000000e+00,1.000000000000000000e+00,2.500000000000000000e-01
8.333333333333332593e-01,1.000000000000000000e+00,2.000000000000000000e+00,5.000000000000000000e-01,8.333333333333334814e-01,1.000000000000000000e+00,3.000000000000000000e+00,7.500000000000000000e-01,0.000000000000000000e+00,0.000000000000000000e+00,0.000000000000000000e+00,0.000000000000000000e+00,8.333333333333334814e-01,1.000000000000000000e+00,5.000000000000000000e+00,1.000000000000000000e+00,2.500000000000000000e+00,0.000000000000000000e+00,1.000000000000000000e+00,2.500000000000000000e-01
8.333333333333334814e-01,1.000000000000000000e+00,5.000000000000000000e+00,1.000000000000000000e+00,0.000000000000000000e+00,0.000000000000000000e+00,0.000000000000000000e+00,0.000000000000000000e+00,8.333333333333334814e-01,1.000000000000000000e+00,3.000000000000000000e+00,7.500000000000000000e-01,2.500000000000000000e+00,0.000000000000000000e+00,1.000000000000000000e+00,2.500000000000000000e-01,8.333333333333332593e-01,1.000000000000000000e+00,2.000000000000000000e+00,5.000000000000000000e-01
8.333333333333332593e-01,1.000000000000000000e+00,2.000000000000000000e+00,5.000000000000000000e-01,0.000000000000000000e+00,0.000000000000000000e+00,0.000000000000000000e+00,0.000000000000000000e+00,8.333333333333334814e-01,1.000000000000000000e+00,3.000000000000000000e+00,7.500000000000000000e-01,8.333333333333334814e-01,1.000000000000000000e+00,5.000000000000000000e+00,1.000000000000000000e+00,2.500000000000000000e+00,0.000000000000000000e+00,1.000000000000000000e+00,2.500000000000000000e-01
8.333333333333334814e-01,1.000000000000000000e+00,3.000000000000000000e+00,7.500000000000000000e-01,8.333333333333334814e-01,1.000000000000000000e+00,5.000000000000000000e+00,1.000000000000000000e+00,0.000000000000000000e+00,0.000000000000000000e+00,0.000000000000000000e+00,0.000000000000000000e+00,8.333333333333332593e-01,1.000000000000000000e+00,2.000000000000000000e+00,5.000000000000000000e-01,2.500000000000000000e+00,0.000000000000000000e+00,1.000000000000000000e+00,2.500000000000000000e-01
8.333333333333334814e-01,1.000000000000000000e+00,3.000000000000000000e+00,7.500000000000000000e-01,0.000000000000000000e+00,0.000000000000000000e+00,0.000000000000000000e+00,0.000000000000000000e+00,8.333333333333334814e-01,1.000000000000000000e+00,5.000000000000000000e+00,1.000000000000000000e+00,8.333333333333332593e-01,1.000000000000000000e+00,2.000000000000000000e+00,5.000000000000000000e-01,2.500000000000000000e+00,0.000000000000000000e+00,1.000000000000000000e+00,2.500000000000000000e-01
8.333333333333332593e-01,1.000000000000000000e+00,2.000000000000000000e+00,5.000000000000000000e-01,2.500000000000000000e+00,0.000000000000000000e+00,1.000000000000000000e+00,2.500000000000000000e-01,0.000000000000000000e+00,0.000000000000000000e+00,0.000000000000000000e+00,0.000000000000000000e+00,8.333333333333334814e-01,1.000000000000000000e+00,5.000000000000000000e+00,1.000000000000000000e+00,8.333333333333334814e-01,1.000000000000000000e+00,3.000000000000000000e+00,7.500000000000000000e-01
1.666666666666666963e+00,0.000000000000000000e+00,2.000000000000000000e+00,5.000000000000000000e-01,0.000000000000000000e+00,0.000000000000000000e+00,0.000000000000000000e+00,0.000000000000000000e+00,1.666666666666666519e+00,1.000000000000000000e+00,1.000000000000000000e+00,2.500000000000000000e-01,8.333333333333334814e-01,1.000000000000000000e+00,3.000000000000000000e+00,7.500000000000000000e-01,8.333333333333334814e-01,1.000000000000000000e+00,5.000000000000000000e+00,1.000000000000000000e+00
8.333333333333334814e-01,1.000000000000000000e+00,3.000000000000000000e+00,7.500000000000000000e-01,0.000000000000000000e+00,0.000000000000000000e+00,0.000000000000000000e+00,0.000000000000000000e+00,1.666666666666666963e+00,0.000000000000000000e+00,2.000000000000000000e+00,5.000000000000000000e-01,8.333333333333334814e-01,1.000000000000000000e+00,5.000000000000000000e+00,1.000000000000000000e+00,1.666666666666666519e+00,1.000000000000000000e+00,1.000000000000000000e+00,2.500000000000000000e-01
8.333333333333334814e-01,1.000000000000000000e+00,3.000000000000000000e+00,7.500000000000000000e-01,1.666666666666666963e+00,0.000000000000000000e+00,2.000000000000000000e+00,5.000000000000000000e-01,0.000000000000000000e+00,0.000000000000000000e+00,0.000000000000000000e+00,0.000000000000000000e+00,8.333333333333334814e-01,1.000000000000000000e+00,5.000000000000000000e+00,1.000000000000000000e+00,1.666666666666666519e+00,1.000000000000000000e+00,1.000000000000000000e+00,2.500000000000000000e-01
8.333333333333334814e-01,1.000000000000000000e+00,5.000000000000000000e+00,1.000000000000000000e+00,8.333333333333334814e-01,1.000000000000000000e+00,3.000000000000000000e+00,7.500000000000000000e-01,0.000000000000000000e+00,0.000000000000000000e+00,0.000000000000000000e+00,0.000000000000000000e+00,1.666666666666666963e+00,0.000000000000000000e+00,2.000000000000000000e+00,5.000000000000000000e-01,1.666666666666666519e+00,1.000000000000000000e+00,1.000000000000000000e+00,2.500000000000000000e-01
1.666666666666666963e+00,0.000000000000000000e+00,2.000000000000000000e+00,5.000000000000000000e-01,0.000000000000000000e+00,0.000000000000000000e+00,0.000000000000000000e+00,0.000000000000000000e+00,8.333333333333334814e-01,1.000000000000000000e+00,5.000000000000000000e+00,1.000000000000000000e+00,8.333333333333334814e-01,1.000000000000000000e+00,3.000000000000000000e+00,7.500000000000000000e-01,1.666666666666666519e+00,1.000000000000000000e+00,1.000000000000000000e+00,2.500000000000000000e-01
8.333333333333334814e-01,1.000000000000000000e+00,3.000000000000000000e+00,7.500000000000000000e-01,8.333333333333334814e-01,1.000000000000000000e+00,5.000000000000000000e+00,1.000000000000000000e+00,0.000000000000000000e+00,0.000000000000000000e+00,0.000000000000000000e+00,0.000000000000000000e+00,1.666666666666666963e+00,0.000000000000000000e+00,2.000000000000000000e+00,5.000000000000000000e-01,1.666666666666666519e+00,1.000000000000000000e+00,1.000000000000000000e+00,2.500000000000000000e-01
1.666666666666666963e+00,0.000000000000000000e+00,2.000000000000000000e+00,5.000000000000000000e-01,8.333333333333334814e-01,1.000000000000000000e+00,5.000000000000000000e+00,1.000000000000000000e+00,0.000000000000000000e+00,0.000000000000000000e+00,0.000000000000000000e+00,0.000000000000000000e+00,1.666666666666666519e+00,1.000000000000000000e+00,1.000000000000000000e+00,2.500000000000000000e-01,8.333333333333334814e-01,1.000000000000000000e+00,3.000000000000000000e+00,7.500000000000000000e-01
8.333333333333334814e-01,1.000000000000000000e+00,3.000000000000000000e+00,7.500000000000000000e-01,1.666666666666666519e+00,1.000000000000000000e+00,1.000000000000000000e+00,2.500000000000000000e-01,0.000000000000000000e+00,0.000000000000000000e+00,0.000000000000000000e+00,0.000000000000000000e+00,1.666666666666666963e+00,0.000000000000000000e+00,2.000000000000000000e+00,5.000000000000000000e-01,8.333333333333334814e-01,1.000000000000000000e+00,5.000000000000000000e+00,1.000000000000000000e+00
1.666666666666666963e+00,0.000000000000000000e+00,2.000000000000000000e+00,5.000000000000000000e-01,1.666666666666666519e+00,1.000000000000000000e+00,1.000000000000000000e+00,2.500000000000000000e-01,0.000000000000000000e+00,0.000000000000000000e+00,0.000000000000000000e+00,0.000000000000000000e+00,8.333333333333334814e-01,1.000000000000000000e+00,3.000000000000000000e+00,7.500000000000000000e-01,8.333333333333334814e-01,1.000000000000000000e+00,5.000000000000000000e+00,1.000000000000000000e+00
8.333333333333334814e-01,1.000000000000000000e+00,5.000000000000000000e+00,1.000000000000000000e+00,1.666666666666666519e+00,1.000000000000000000e+00,1.000000000000000000e+00,2.500000000000000000e-01,0.000000000000000000e+00,0.000000000000000000e+00,0.000000000000000000e+00,0.000000000000000000e+00,8.333333333333334814e-01,1.000000000000000000e+00,3.000000000000000000e+00,7.500000000000000000e-01,1.666666666666666963e+00,0.000000000000000000e+00,2.000000000000000000e+00,5.000000000000000000e-01
