index,buying price,maintanence price,doors,capacity (persons),luggage boot size,estimated safety,class
0,3,3,2,2,0,0,2
1,3,3,2,2,0,1,2
2,3,3,2,2,0,2,2
3,3,3,2,2,1,0,2
4,3,3,2,2,1,1,2
5,3,3,2,2,1,2,2
6,3,3,2,2,2,0,2
7,3,3,2,2,2,1,2
8,3,3,2,2,2,2,2
9,3,3,2,4,0,0,2
10,3,3,2,4,0,1,2
11,3,3,2,4,0,2,2
12,3,3,2,4,1,0,2
13,3,3,2,4,1,1,2
14,3,3,2,4,1,2,2
15,3,3,2,4,2,0,2
16,3,3,2,4,2,1,2
17,3,3,2,4,2,2,2
18,3,3,2,5,0,0,2
19,3,3,2,5,0,1,2
20,3,3,2,5,0,2,2
21,3,3,2,5,1,0,2
22,3,3,2,5,1,1,2
23,3,3,2,5,1,2,2
24,3,3,2,5,2,0,2
25,3,3,2,5,2,1,2
26,3,3,2,5,2,2,2
27,3,3,3,2,0,0,2
28,3,3,3,2,0,1,2
29,3,3,3,2,0,2,2
30,3,3,3,2,1,0,2
31,3,3,3,2,1,1,2
32,3,3,3,2,1,2,2
33,3,3,3,2,2,0,2
34,3,3,3,2,2,1,2
35,3,3,3,2,2,2,2
36,3,3,3,4,0,0,2
37,3,3,3,4,0,1,2
38,3,3,3,4,0,2,2
39,3,3,3,4,1,0,2
40,3,3,3,4,1,1,2
41,3,3,3,4,1,2,2
42,3,3,3,4,2,0,2
43,3,3,3,4,2,1,2
44,3,3,3,4,2,2,2
45,3,3,3,5,0,0,2
46,3,3,3,5,0,1,2
47,3,3,3,5,0,2,2
48,3,3,3,5,1,0,2
49,3,3,3,5,1,1,2
50,3,3,3,5,1,2,2
51,3,3,3,5,2,0,2
52,3,3,3,5,2,1,2
53,3,3,3,5,2,2,2
54,3,3,4,2,0,0,2
55,3,3,4,2,0,1,2
56,3,3,4,2,0,2,2
57,3,3,4,2,1,0,2
58,3,3,4,2,1,1,2
59,3,3,4,2,1,2,2
60,3,3,4,2,2,0,2
61,3,3,4,2,2,1,2
62,3,3,4,2,2,2,2
63,3,3,4,4,0,0,2
64,3,3,4,4,0,1,2
65,3,3,4,4,0,2,2
66,3,3,4,4,1,0,2
67,3,3,4,4,1,1,2
68,3,3,4,4,1,2,2
69,3,3,4,4,2,0,2
70,3,3,4,4,2,1,2
71,3,3,4,4,2,2,2
72,3,3,4,5,0,0,2
73,3,3,4,5,0,1,2
74,3,3,4,5,0,2,2
75,3,3,4,5,1,0,2
76,3,3,4,5,1,1,2
77,3,3,4,5,1,2,2
78,3,3,4,5,2,0,2
79,3,3,4,5,2,1,2
80,3,3,4,5,2,2,2
81,3,3,5,2,0,0,2
82,3,3,5,2,0,1,2
83,3,3,5,2,0,2,2
84,3,3,5,2,1,0,2
85,3,3,5,2,1,1,2
86,3,3,5,2,1,2,2
87,3,3,5,2,2,0,2
88,3,3,5,2,2,1,2
89,3,3,5,2,2,2,2
90,3,3,5,4,0,0,2
91,3,3,5,4,0,1,2
92,3,3,5,4,0,2,2
93,3,3,5,4,1,0,2
94,3,3,5,4,1,1,2
95,3,3,5,4,1,2,2
96,3,3,5,4,2,0,2
97,3,3,5,4,2,1,2
98,3,3,5,4,2,2,2
99,3,3,5,5,0,0,2
100,3,3,5,5,0,1,2
101,3,3,5,5,0,2,2
102,3,3,5,5,1,0,2
103,3,3,5,5,1,1,2
104,3,3,5,5,1,2,2
105,3,3,5,5,2,0,2
106,3,3,5,5,2,1,2
107,3,3,5,5,2,2,2
108,3,2,2,2,0,0,2
109,3,2,2,2,0,1,2
110,3,2,2,2,0,2,2
111,3,2,2,2,1,0,2
112,3,2,2,2,1,1,2
113,3,2,2,2,1,2,2
114,3,2,2,2,2,0,2
115,3,2,2,2,2,1,2
116,3,2,2,2,2,2,2
117,3,2,2,4,0,0,2
118,3,2,2,4,0,1,2
119,3,2,2,4,0,2,2
120,3,2,2,4,1,0,2
121,3,2,2,4,1,1,2
122,3,2,2,4,1,2,2
123,3,2,2,4,2,0,2
124,3,2,2,4,2,1,2
125,3,2,2,4,2,2,2
126,3,2,2,5,0,0,2
127,3,2,2,5,0,1,2
128,3,2,2,5,0,2,2
129,3,2,2,5,1,0,2
130,3,2,2,5,1,1,2
131,3,2,2,5,1,2,2
132,3,2,2,5,2,0,2
133,3,2,2,5,2,1,2
134,3,2,2,5,2,2,2
135,3,2,3,2,0,0,2
136,3,2,3,2,0,1,2
137,3,2,3,2,0,2,2
138,3,2,3,2,1,0,2
139,3,2,3,2,1,1,2
140,3,2,3,2,1,2,2
141,3,2,3,2,2,0,2
142,3,2,3,2,2,1,2
143,3,2,3,2,2,2,2
144,3,2,3,4,0,0,2
145,3,2,3,4,0,1,2
146,3,2,3,4,0,2,2
147,3,2,3,4,1,0,2
148,3,2,3,4,1,1,2
149,3,2,3,4,1,2,2
150,3,2,3,4,2,0,2
151,3,2,3,4,2,1,2
152,3,2,3,4,2,2,2
153,3,2,3,5,0,0,2
154,3,2,3,5,0,1,2
155,3,2,3,5,0,2,2
156,3,2,3,5,1,0,2
157,3,2,3,5,1,1,2
158,3,2,3,5,1,2,2
159,3,2,3,5,2,0,2
160,3,2,3,5,2,1,2
161,3,2,3,5,2,2,2
162,3,2,4,2,0,0,2
163,3,2,4,2,0,1,2
164,3,2,4,2,0,2,2
165,3,2,4,2,1,0,2
166,3,2,4,2,1,1,2
167,3,2,4,2,1,2,2
168,3,2,4,2,2,0,2
169,3,2,4,2,2,1,2
170,3,2,4,2,2,2,2
171,3,2,4,4,0,0,2
172,3,2,4,4,0,1,2
173,3,2,4,4,0,2,2
174,3,2,4,4,1,0,2
175,3,2,4,4,1,1,2
176,3,2,4,4,1,2,2
177,3,2,4,4,2,0,2
178,3,2,4,4,2,1,2
179,3,2,4,4,2,2,2
180,3,2,4,5,0,0,2
181,3,2,4,5,0,1,2
182,3,2,4,5,0,2,2
183,3,2,4,5,1,0,2
184,3,2,4,5,1,1,2
185,3,2,4,5,1,2,2
186,3,2,4,5,2,0,2
187,3,2,4,5,2,1,2
188,3,2,4,5,2,2,2
189,3,2,5,2,0,0,2
190,3,2,5,2,0,1,2
191,3,2,5,2,0,2,2
192,3,2,5,2,1,0,2
193,3,2,5,2,1,1,2
194,3,2,5,2,1,2,2
195,3,2,5,2,2,0,2
196,3,2,5,2,2,1,2
197,3,2,5,2,2,2,2
198,3,2,5,4,0,0,2
199,3,2,5,4,0,1,2
200,3,2,5,4,0,2,2
201,3,2,5,4,1,0,2
202,3,2,5,4,1,1,2
203,3,2,5,4,1,2,2
204,3,2,5,4,2,0,2
205,3,2,5,4,2,1,2
206,3,2,5,4,2,2,2
207,3,2,5,5,0,0,2
208,3,2,5,5,0,1,2
209,3,2,5,5,0,2,2
210,3,2,5,5,1,0,2
211,3,2,5,5,1,1,2
212,3,2,5,5,1,2,2
213,3,2,5,5,2,0,2
214,3,2,5,5,2,1,2
215,3,2,5,5,2,2,2
216,3,1,2,2,0,0,2
217,3,1,2,2,0,1,2
218,3,1,2,2,0,2,2
219,3,1,2,2,1,0,2
220,3,1,2,2,1,1,2
221,3,1,2,2,1,2,2
222,3,1,2,2,2,0,2
223,3,1,2,2,2,1,2
224,3,1,2,2,2,2,2
225,3,1,2,4,0,0,2
226,3,1,2,4,0,1,2
227,3,1,2,4,0,2,0
228,3,1,2,4,1,0,2
229,3,1,2,4,1,1,2
230,3,1,2,4,1,2,0
231,3,1,2,4,2,0,2
232,3,1,2,4,2,1,0
233,3,1,2,4,2,2,0
234,3,1,2,5,0,0,2
235,3,1,2,5,0,1,2
236,3,1,2,5,0,2,2
237,3,1,2,5,1,0,2
238,3,1,2,5,1,1,2
239,3,1,2,5,1,2,0
240,3,1,2,5,2,0,2
241,3,1,2,5,2,1,0
242,3,1,2,5,2,2,0
243,3,1,3,2,0,0,2
244,3,1,3,2,0,1,2
245,3,1,3,2,0,2,2
246,3,1,3,2,1,0,2
247,3,1,3,2,1,1,2
248,3,1,3,2,1,2,2
249,3,1,3,2,2,0,2
250,3,1,3,2,2,1,2
251,3,1,3,2,2,2,2
252,3,1,3,4,0,0,2
253,3,1,3,4,0,1,2
254,3,1,3,4,0,2,0
255,3,1,3,4,1,0,2
256,3,1,3,4,1,1,2
257,3,1,3,4,1,2,0
258,3,1,3,4,2,0,2
259,3,1,3,4,2,1,0
260,3,1,3,4,2,2,0
261,3,1,3,5,0,0,2
262,3,1,3,5,0,1,2
263,3,1,3,5,0,2,0
264,3,1,3,5,1,0,2
265,3,1,3,5,1,1,0
266,3,1,3,5,1,2,0
267,3,1,3,5,2,0,2
268,3,1,3,5,2,1,0
269,3,1,3,5,2,2,0
270,3,1,4,2,0,0,2
271,3,1,4,2,0,1,2
272,3,1,4,2,0,2,2
273,3,1,4,2,1,0,2
274,3,1,4,2,1,1,2
275,3,1,4,2,1,2,2
276,3,1,4,2,2,0,2
277,3,1,4,2,2,1,2
278,3,1,4,2,2,2,2
279,3,1,4,4,0,0,2
280,3,1,4,4,0,1,2
281,3,1,4,4,0,2,0
282,3,1,4,4,1,0,2
283,3,1,4,4,1,1,0
284,3,1,4,4,1,2,0
285,3,1,4,4,2,0,2
286,3,1,4,4,2,1,0
287,3,1,4,4,2,2,0
288,3,1,4,5,0,0,2
289,3,1,4,5,0,1,2
290,3,1,4,5,0,2,0
291,3,1,4,5,1,0,2
292,3,1,4,5,1,1,0
293,3,1,4,5,1,2,0
294,3,1,4,5,2,0,2
295,3,1,4,5,2,1,0
296,3,1,4,5,2,2,0
297,3,1,5,2,0,0,2
298,3,1,5,2,0,1,2
299,3,1,5,2,0,2,2
300,3,1,5,2,1,0,2
301,3,1,5,2,1,1,2
302,3,1,5,2,1,2,2
303,3,1,5,2,2,0,2
304,3,1,5,2,2,1,2
305,3,1,5,2,2,2,2
306,3,1,5,4,0,0,2
307,3,1,5,4,0,1,2
308,3,1,5,4,0,2,0
309,3,1,5,4,1,0,2
310,3,1,5,4,1,1,0
311,3,1,5,4,1,2,0
312,3,1,5,4,2,0,2
313,3,1,5,4,2,1,0
314,3,1,5,4,2,2,0
315,3,1,5,5,0,0,2
316,3,1,5,5,0,1,2
317,3,1,5,5,0,2,0
318,3,1,5,5,1,0,2
319,3,1,5,5,1,1,0
320,3,1,5,5,1,2,0
321,3,1,5,5,2,0,2
322,3,1,5,5,2,1,0
323,3,1,5,5,2,2,0
324,3,0,2,2,0,0,2
325,3,0,2,2,0,1,2
326,3,0,2,2,0,2,2
327,3,0,2,2,1,0,2
328,3,0,2,2,1,1,2
329,3,0,2,2,1,2,2
330,3,0,2,2,2,0,2
331,3,0,2,2,2,1,2
332,3,0,2,2,2,2,2
333,3,0,2,4,0,0,2
334,3,0,2,4,0,1,2
335,3,0,2,4,0,2,0
336,3,0,2,4,1,0,2
337,3,0,2,4,1,1,2
338,3,0,2,4,1,2,0
339,3,0,2,4,2,0,2
340,3,0,2,4,2,1,0
341,3,0,2,4,2,2,0
342,3,0,2,5,0,0,2
343,3,0,2,5,0,1,2
344,3,0,2,5,0,2,2
345,3,0,2,5,1,0,2
346,3,0,2,5,1,1,2
347,3,0,2,5,1,2,0
348,3,0,2,5,2,0,2
349,3,0,2,5,2,1,0
350,3,0,2,5,2,2,0
351,3,0,3,2,0,0,2
352,3,0,3,2,0,1,2
353,3,0,3,2,0,2,2
354,3,0,3,2,1,0,2
355,3,0,3,2,1,1,2
356,3,0,3,2,1,2,2
357,3,0,3,2,2,0,2
358,3,0,3,2,2,1,2
359,3,0,3,2,2,2,2
360,3,0,3,4,0,0,2
361,3,0,3,4,0,1,2
362,3,0,3,4,0,2,0
363,3,0,3,4,1,0,2
364,3,0,3,4,1,1,2
365,3,0,3,4,1,2,0
366,3,0,3,4,2,0,2
367,3,0,3,4,2,1,0
368,3,0,3,4,2,2,0
369,3,0,3,5,0,0,2
370,3,0,3,5,0,1,2
371,3,0,3,5,0,2,0
372,3,0,3,5,1,0,2
373,3,0,3,5,1,1,0
374,3,0,3,5,1,2,0
375,3,0,3,5,2,0,2
376,3,0,3,5,2,1,0
377,3,0,3,5,2,2,0
378,3,0,4,2,0,0,2
379,3,0,4,2,0,1,2
380,3,0,4,2,0,2,2
381,3,0,4,2,1,0,2
382,3,0,4,2,1,1,2
383,3,0,4,2,1,2,2
384,3,0,4,2,2,0,2
385,3,0,4,2,2,1,2
386,3,0,4,2,2,2,2
387,3,0,4,4,0,0,2
388,3,0,4,4,0,1,2
389,3,0,4,4,0,2,0
390,3,0,4,4,1,0,2
391,3,0,4,4,1,1,0
392,3,0,4,4,1,2,0
393,3,0,4,4,2,0,2
394,3,0,4,4,2,1,0
395,3,0,4,4,2,2,0
396,3,0,4,5,0,0,2
397,3,0,4,5,0,1,2
398,3,0,4,5,0,2,0
399,3,0,4,5,1,0,2
400,3,0,4,5,1,1,0
401,3,0,4,5,1,2,0
402,3,0,4,5,2,0,2
403,3,0,4,5,2,1,0
404,3,0,4,5,2,2,0
405,3,0,5,2,0,0,2
406,3,0,5,2,0,1,2
407,3,0,5,2,0,2,2
408,3,0,5,2,1,0,2
409,3,0,5,2,1,1,2
410,3,0,5,2,1,2,2
411,3,0,5,2,2,0,2
412,3,0,5,2,2,1,2
413,3,0,5,2,2,2,2
414,3,0,5,4,0,0,2
415,3,0,5,4,0,1,2
416,3,0,5,4,0,2,0
417,3,0,5,4,1,0,2
418,3,0,5,4,1,1,0
419,3,0,5,4,1,2,0
420,3,0,5,4,2,0,2
421,3,0,5,4,2,1,0
422,3,0,5,4,2,2,0
423,3,0,5,5,0,0,2
424,3,0,5,5,0,1,2
425,3,0,5,5,0,2,0
426,3,0,5,5,1,0,2
427,3,0,5,5,1,1,0
428,3,0,5,5,1,2,0
429,3,0,5,5,2,0,2
430,3,0,5,5,2,1,0
431,3,0,5,5,2,2,0
432,2,3,2,2,0,0,2
433,2,3,2,2,0,1,2
434,2,3,2,2,0,2,2
435,2,3,2,2,1,0,2
436,2,3,2,2,1,1,2
437,2,3,2,2,1,2,2
438,2,3,2,2,2,0,2
439,2,3,2,2,2,1,2
440,2,3,2,2,2,2,2
441,2,3,2,4,0,0,2
442,2,3,2,4,0,1,2
443,2,3,2,4,0,2,2
444,2,3,2,4,1,0,2
445,2,3,2,4,1,1,2
446,2,3,2,4,1,2,2
447,2,3,2,4,2,0,2
448,2,3,2,4,2,1,2
449,2,3,2,4,2,2,2
450,2,3,2,5,0,0,2
451,2,3,2,5,0,1,2
452,2,3,2,5,0,2,2
453,2,3,2,5,1,0,2
454,2,3,2,5,1,1,2
455,2,3,2,5,1,2,2
456,2,3,2,5,2,0,2
457,2,3,2,5,2,1,2
458,2,3,2,5,2,2,2
459,2,3,3,2,0,0,2
460,2,3,3,2,0,1,2
461,2,3,3,2,0,2,2
462,2,3,3,2,1,0,2
463,2,3,3,2,1,1,2
464,2,3,3,2,1,2,2
465,2,3,3,2,2,0,2
466,2,3,3,2,2,1,2
467,2,3,3,2,2,2,2
468,2,3,3,4,0,0,2
469,2,3,3,4,0,1,2
470,2,3,3,4,0,2,2
471,2,3,3,4,1,0,2
472,2,3,3,4,1,1,2
473,2,3,3,4,1,2,2
474,2,3,3,4,2,0,2
475,2,3,3,4,2,1,2
476,2,3,3,4,2,2,2
477,2,3,3,5,0,0,2
478,2,3,3,5,0,1,2
479,2,3,3,5,0,2,2
480,2,3,3,5,1,0,2
481,2,3,3,5,1,1,2
482,2,3,3,5,1,2,2
483,2,3,3,5,2,0,2
484,2,3,3,5,2,1,2
485,2,3,3,5,2,2,2
486,2,3,4,2,0,0,2
487,2,3,4,2,0,1,2
488,2,3,4,2,0,2,2
489,2,3,4,2,1,0,2
490,2,3,4,2,1,1,2
491,2,3,4,2,1,2,2
492,2,3,4,2,2,0,2
493,2,3,4,2,2,1,2
494,2,3,4,2,2,2,2
495,2,3,4,4,0,0,2
496,2,3,4,4,0,1,2
497,2,3,4,4,0,2,2
498,2,3,4,4,1,0,2
499,2,3,4,4,1,1,2
500,2,3,4,4,1,2,2
501,2,3,4,4,2,0,2
502,2,3,4,4,2,1,2
503,2,3,4,4,2,2,2
504,2,3,4,5,0,0,2
505,2,3,4,5,0,1,2
506,2,3,4,5,0,2,2
507,2,3,4,5,1,0,2
508,2,3,4,5,1,1,2
509,2,3,4,5,1,2,2
510,2,3,4,5,2,0,2
511,2,3,4,5,2,1,2
512,2,3,4,5,2,2,2
513,2,3,5,2,0,0,2
514,2,3,5,2,0,1,2
515,2,3,5,2,0,2,2
516,2,3,5,2,1,0,2
517,2,3,5,2,1,1,2
518,2,3,5,2,1,2,2
519,2,3,5,2,2,0,2
520,2,3,5,2,2,1,2
521,2,3,5,2,2,2,2
522,2,3,5,4,0,0,2
523,2,3,5,4,0,1,2
524,2,3,5,4,0,2,2
525,2,3,5,4,1,0,2
526,2,3,5,4,1,1,2
527,2,3,5,4,1,2,2
528,2,3,5,4,2,0,2
529,2,3,5,4,2,1,2
530,2,3,5,4,2,2,2
531,2,3,5,5,0,0,2
532,2,3,5,5,0,1,2
533,2,3,5,5,0,2,2
534,2,3,5,5,1,0,2
535,2,3,5,5,1,1,2
536,2,3,5,5,1,2,2
537,2,3,5,5,2,0,2
538,2,3,5,5,2,1,2
539,2,3,5,5,2,2,2
540,2,2,2,2,0,0,2
541,2,2,2,2,0,1,2
542,2,2,2,2,0,2,2
543,2,2,2,2,1,0,2
544,2,2,2,2,1,1,2
545,2,2,2,2,1,2,2
546,2,2,2,2,2,0,2
547,2,2,2,2,2,1,2
548,2,2,2,2,2,2,2
549,2,2,2,4,0,0,2
550,2,2,2,4,0,1,2
551,2,2,2,4,0,2,0
552,2,2,2,4,1,0,2
553,2,2,2,4,1,1,2
554,2,2,2,4,1,2,0
555,2,2,2,4,2,0,2
556,2,2,2,4,2,1,0
557,2,2,2,4,2,2,0
558,2,2,2,5,0,0,2
559,2,2,2,5,0,1,2
560,2,2,2,5,0,2,2
561,2,2,2,5,1,0,2
562,2,2,2,5,1,1,2
563,2,2,2,5,1,2,0
564,2,2,2,5,2,0,2
565,2,2,2,5,2,1,0
566,2,2,2,5,2,2,0
567,2,2,3,2,0,0,2
568,2,2,3,2,0,1,2
569,2,2,3,2,0,2,2
570,2,2,3,2,1,0,2
571,2,2,3,2,1,1,2
572,2,2,3,2,1,2,2
573,2,2,3,2,2,0,2
574,2,2,3,2,2,1,2
575,2,2,3,2,2,2,2
576,2,2,3,4,0,0,2
577,2,2,3,4,0,1,2
578,2,2,3,4,0,2,0
579,2,2,3,4,1,0,2
580,2,2,3,4,1,1,2
581,2,2,3,4,1,2,0
582,2,2,3,4,2,0,2
583,2,2,3,4,2,1,0
584,2,2,3,4,2,2,0
585,2,2,3,5,0,0,2
586,2,2,3,5,0,1,2
587,2,2,3,5,0,2,0
588,2,2,3,5,1,0,2
589,2,2,3,5,1,1,0
590,2,2,3,5,1,2,0
591,2,2,3,5,2,0,2
592,2,2,3,5,2,1,0
593,2,2,3,5,2,2,0
594,2,2,4,2,0,0,2
595,2,2,4,2,0,1,2
596,2,2,4,2,0,2,2
597,2,2,4,2,1,0,2
598,2,2,4,2,1,1,2
599,2,2,4,2,1,2,2
600,2,2,4,2,2,0,2
601,2,2,4,2,2,1,2
602,2,2,4,2,2,2,2
603,2,2,4,4,0,0,2
604,2,2,4,4,0,1,2
605,2,2,4,4,0,2,0
606,2,2,4,4,1,0,2
607,2,2,4,4,1,1,0
608,2,2,4,4,1,2,0
609,2,2,4,4,2,0,2
610,2,2,4,4,2,1,0
611,2,2,4,4,2,2,0
612,2,2,4,5,0,0,2
613,2,2,4,5,0,1,2
614,2,2,4,5,0,2,0
615,2,2,4,5,1,0,2
616,2,2,4,5,1,1,0
617,2,2,4,5,1,2,0
618,2,2,4,5,2,0,2
619,2,2,4,5,2,1,0
620,2,2,4,5,2,2,0
621,2,2,5,2,0,0,2
622,2,2,5,2,0,1,2
623,2,2,5,2,0,2,2
624,2,2,5,2,1,0,2
625,2,2,5,2,1,1,2
626,2,2,5,2,1,2,2
627,2,2,5,2,2,0,2
628,2,2,5,2,2,1,2
629,2,2,5,2,2,2,2
630,2,2,5,4,0,0,2
631,2,2,5,4,0,1,2
632,2,2,5,4,0,2,0
633,2,2,5,4,1,0,2
634,2,2,5,4,1,1,0
635,2,2,5,4,1,2,0
636,2,2,5,4,2,0,2
637,2,2,5,4,2,1,0
638,2,2,5,4,2,2,0
639,2,2,5,5,0,0,2
640,2,2,5,5,0,1,2
641,2,2,5,5,0,2,0
642,2,2,5,5,1,0,2
643,2,2,5,5,1,1,0
644,2,2,5,5,1,2,0
645,2,2,5,5,2,0,2
646,2,2,5,5,2,1,0
647,2,2,5,5,2,2,0
648,2,1,2,2,0,0,2
649,2,1,2,2,0,1,2
650,2,1,2,2,0,2,2
651,2,1,2,2,1,0,2
652,2,1,2,2,1,1,2
653,2,1,2,2,1,2,2
654,2,1,2,2,2,0,2
655,2,1,2,2,2,1,2
656,2,1,2,2,2,2,2
657,2,1,2,4,0,0,2
658,2,1,2,4,0,1,2
659,2,1,2,4,0,2,0
660,2,1,2,4,1,0,2
661,2,1,2,4,1,1,2
662,2,1,2,4,1,2,0
663,2,1,2,4,2,0,2
664,2,1,2,4,2,1,0
665,2,1,2,4,2,2,0
666,2,1,2,5,0,0,2
667,2,1,2,5,0,1,2
668,2,1,2,5,0,2,2
669,2,1,2,5,1,0,2
670,2,1,2,5,1,1,2
671,2,1,2,5,1,2,0
672,2,1,2,5,2,0,2
673,2,1,2,5,2,1,0
674,2,1,2,5,2,2,0
675,2,1,3,2,0,0,2
676,2,1,3,2,0,1,2
677,2,1,3,2,0,2,2
678,2,1,3,2,1,0,2
679,2,1,3,2,1,1,2
680,2,1,3,2,1,2,2
681,2,1,3,2,2,0,2
682,2,1,3,2,2,1,2
683,2,1,3,2,2,2,2
684,2,1,3,4,0,0,2
685,2,1,3,4,0,1,2
686,2,1,3,4,0,2,0
687,2,1,3,4,1,0,2
688,2,1,3,4,1,1,2
689,2,1,3,4,1,2,0
690,2,1,3,4,2,0,2
691,2,1,3,4,2,1,0
692,2,1,3,4,2,2,0
693,2,1,3,5,0,0,2
694,2,1,3,5,0,1,2
695,2,1,3,5,0,2,0
696,2,1,3,5,1,0,2
697,2,1,3,5,1,1,0
698,2,1,3,5,1,2,0
699,2,1,3,5,2,0,2
700,2,1,3,5,2,1,0
701,2,1,3,5,2,2,0
702,2,1,4,2,0,0,2
703,2,1,4,2,0,1,2
704,2,1,4,2,0,2,2
705,2,1,4,2,1,0,2
706,2,1,4,2,1,1,2
707,2,1,4,2,1,2,2
708,2,1,4,2,2,0,2
709,2,1,4,2,2,1,2
710,2,1,4,2,2,2,2
711,2,1,4,4,0,0,2
712,2,1,4,4,0,1,2
713,2,1,4,4,0,2,0
714,2,1,4,4,1,0,2
715,2,1,4,4,1,1,0
716,2,1,4,4,1,2,0
717,2,1,4,4,2,0,2
718,2,1,4,4,2,1,0
719,2,1,4,4,2,2,0
720,2,1,4,5,0,0,2
721,2,1,4,5,0,1,2
722,2,1,4,5,0,2,0
723,2,1,4,5,1,0,2
724,2,1,4,5,1,1,0
725,2,1,4,5,1,2,0
726,2,1,4,5,2,0,2
727,2,1,4,5,2,1,0
728,2,1,4,5,2,2,0
729,2,1,5,2,0,0,2
730,2,1,5,2,0,1,2
731,2,1,5,2,0,2,2
732,2,1,5,2,1,0,2
733,2,1,5,2,1,1,2
734,2,1,5,2,1,2,2
735,2,1,5,2,2,0,2
736,2,1,5,2,2,1,2
737,2,1,5,2,2,2,2
738,2,1,5,4,0,0,2
739,2,1,5,4,0,1,2
740,2,1,5,4,0,2,0
741,2,1,5,4,1,0,2
742,2,1,5,4,1,1,0
743,2,1,5,4,1,2,0
744,2,1,5,4,2,0,2
745,2,1,5,4,2,1,0
746,2,1,5,4,2,2,0
747,2,1,5,5,0,0,2
748,2,1,5,5,0,1,2
749,2,1,5,5,0,2,0
750,2,1,5,5,1,0,2
751,2,1,5,5,1,1,0
752,2,1,5,5,1,2,0
753,2,1,5,5,2,0,2
754,2,1,5,5,2,1,0
755,2,1,5,5,2,2,0
756,2,0,2,2,0,0,2
757,2,0,2,2,0,1,2
758,2,0,2,2,0,2,2
759,2,0,2,2,1,0,2
760,2,0,2,2,1,1,2
761,2,0,2,2,1,2,2
762,2,0,2,2,2,0,2
763,2,0,2,2,2,1,2
764,2,0,2,2,2,2,2
765,2,0,2,4,0,0,2
766,2,0,2,4,0,1,2
767,2,0,2,4,0,2,0
768,2,0,2,4,1,0,2
769,2,0,2,4,1,1,2
770,2,0,2,4,1,2,0
771,2,0,2,4,2,0,2
772,2,0,2,4,2,1,0
773,2,0,2,4,2,2,0
774,2,0,2,5,0,0,2
775,2,0,2,5,0,1,2
776,2,0,2,5,0,2,2
777,2,0,2,5,1,0,2
778,2,0,2,5,1,1,2
779,2,0,2,5,1,2,0
780,2,0,2,5,2,0,2
781,2,0,2,5,2,1,0
782,2,0,2,5,2,2,0
783,2,0,3,2,0,0,2
784,2,0,3,2,0,1,2
785,2,0,3,2,0,2,2
786,2,0,3,2,1,0,2
787,2,0,3,2,1,1,2
788,2,0,3,2,1,2,2
789,2,0,3,2,2,0,2
790,2,0,3,2,2,1,2
791,2,0,3,2,2,2,2
792,2,0,3,4,0,0,2
793,2,0,3,4,0,1,2
794,2,0,3,4,0,2,0
795,2,0,3,4,1,0,2
796,2,0,3,4,1,1,2
797,2,0,3,4,1,2,0
798,2,0,3,4,2,0,2
799,2,0,3,4,2,1,0
800,2,0,3,4,2,2,0
801,2,0,3,5,0,0,2
802,2,0,3,5,0,1,2
803,2,0,3,5,0,2,0
804,2,0,3,5,1,0,2
805,2,0,3,5,1,1,0
806,2,0,3,5,1,2,0
807,2,0,3,5,2,0,2
808,2,0,3,5,2,1,0
809,2,0,3,5,2,2,0
810,2,0,4,2,0,0,2
811,2,0,4,2,0,1,2
812,2,0,4,2,0,2,2
813,2,0,4,2,1,0,2
814,2,0,4,2,1,1,2
815,2,0,4,2,1,2,2
816,2,0,4,2,2,0,2
817,2,0,4,2,2,1,2
818,2,0,4,2,2,2,2
819,2,0,4,4,0,0,2
820,2,0,4,4,0,1,2
821,2,0,4,4,0,2,0
822,2,0,4,4,1,0,2
823,2,0,4,4,1,1,0
824,2,0,4,4,1,2,0
825,2,0,4,4,2,0,2
826,2,0,4,4,2,1,0
827,2,0,4,4,2,2,0
828,2,0,4,5,0,0,2
829,2,0,4,5,0,1,2
830,2,0,4,5,0,2,0
831,2,0,4,5,1,0,2
832,2,0,4,5,1,1,0
833,2,0,4,5,1,2,0
834,2,0,4,5,2,0,2
835,2,0,4,5,2,1,0
836,2,0,4,5,2,2,0
837,2,0,5,2,0,0,2
838,2,0,5,2,0,1,2
839,2,0,5,2,0,2,2
840,2,0,5,2,1,0,2
841,2,0,5,2,1,1,2
842,2,0,5,2,1,2,2
843,2,0,5,2,2,0,2
844,2,0,5,2,2,1,2
845,2,0,5,2,2,2,2
846,2,0,5,4,0,0,2
847,2,0,5,4,0,1,2
848,2,0,5,4,0,2,0
849,2,0,5,4,1,0,2
850,2,0,5,4,1,1,0
851,2,0,5,4,1,2,0
852,2,0,5,4,2,0,2
853,2,0,5,4,2,1,0
854,2,0,5,4,2,2,0
855,2,0,5,5,0,0,2
856,2,0,5,5,0,1,2
857,2,0,5,5,0,2,0
858,2,0,5,5,1,0,2
859,2,0,5,5,1,1,0
860,2,0,5,5,1,2,0
861,2,0,5,5,2,0,2
862,2,0,5,5,2,1,0
863,2,0,5,5,2,2,0
864,1,3,2,2,0,0,2
865,1,3,2,2,0,1,2
866,1,3,2,2,0,2,2
867,1,3,2,2,1,0,2
868,1,3,2,2,1,1,2
869,1,3,2,2,1,2,2
870,1,3,2,2,2,0,2
871,1,3,2,2,2,1,2
872,1,3,2,2,2,2,2
873,1,3,2,4,0,0,2
874,1,3,2,4,0,1,2
875,1,3,2,4,0,2,0
876,1,3,2,4,1,0,2
877,1,3,2,4,1,1,2
878,1,3,2,4,1,2,0
879,1,3,2,4,2,0,2
880,1,3,2,4,2,1,0
881,1,3,2,4,2,2,0
882,1,3,2,5,0,0,2
883,1,3,2,5,0,1,2
884,1,3,2,5,0,2,2
885,1,3,2,5,1,0,2
886,1,3,2,5,1,1,2
887,1,3,2,5,1,2,0
888,1,3,2,5,2,0,2
889,1,3,2,5,2,1,0
890,1,3,2,5,2,2,0
891,1,3,3,2,0,0,2
892,1,3,3,2,0,1,2
893,1,3,3,2,0,2,2
894,1,3,3,2,1,0,2
895,1,3,3,2,1,1,2
896,1,3,3,2,1,2,2
897,1,3,3,2,2,0,2
898,1,3,3,2,2,1,2
899,1,3,3,2,2,2,2
900,1,3,3,4,0,0,2
901,1,3,3,4,0,1,2
902,1,3,3,4,0,2,0
903,1,3,3,4,1,0,2
904,1,3,3,4,1,1,2
905,1,3,3,4,1,2,0
906,1,3,3,4,2,0,2
907,1,3,3,4,2,1,0
908,1,3,3,4,2,2,0
909,1,3,3,5,0,0,2
910,1,3,3,5,0,1,2
911,1,3,3,5,0,2,0
912,1,3,3,5,1,0,2
913,1,3,3,5,1,1,0
914,1,3,3,5,1,2,0
915,1,3,3,5,2,0,2
916,1,3,3,5,2,1,0
917,1,3,3,5,2,2,0
918,1,3,4,2,0,0,2
919,1,3,4,2,0,1,2
920,1,3,4,2,0,2,2
921,1,3,4,2,1,0,2
922,1,3,4,2,1,1,2
923,1,3,4,2,1,2,2
924,1,3,4,2,2,0,2
925,1,3,4,2,2,1,2
926,1,3,4,2,2,2,2
927,1,3,4,4,0,0,2
928,1,3,4,4,0,1,2
929,1,3,4,4,0,2,0
930,1,3,4,4,1,0,2
931,1,3,4,4,1,1,0
932,1,3,4,4,1,2,0
933,1,3,4,4,2,0,2
934,1,3,4,4,2,1,0
935,1,3,4,4,2,2,0
936,1,3,4,5,0,0,2
937,1,3,4,5,0,1,2
938,1,3,4,5,0,2,0
939,1,3,4,5,1,0,2
940,1,3,4,5,1,1,0
941,1,3,4,5,1,2,0
942,1,3,4,5,2,0,2
943,1,3,4,5,2,1,0
944,1,3,4,5,2,2,0
945,1,3,5,2,0,0,2
946,1,3,5,2,0,1,2
947,1,3,5,2,0,2,2
948,1,3,5,2,1,0,2
949,1,3,5,2,1,1,2
950,1,3,5,2,1,2,2
951,1,3,5,2,2,0,2
952,1,3,5,2,2,1,2
953,1,3,5,2,2,2,2
954,1,3,5,4,0,0,2
955,1,3,5,4,0,1,2
956,1,3,5,4,0,2,0
957,1,3,5,4,1,0,2
958,1,3,5,4,1,1,0
959,1,3,5,4,1,2,0
960,1,3,5,4,2,0,2
961,1,3,5,4,2,1,0
962,1,3,5,4,2,2,0
963,1,3,5,5,0,0,2
964,1,3,5,5,0,1,2
965,1,3,5,5,0,2,0
966,1,3,5,5,1,0,2
967,1,3,5,5,1,1,0
968,1,3,5,5,1,2,0
969,1,3,5,5,2,0,2
970,1,3,5,5,2,1,0
971,1,3,5,5,2,2,0
972,1,2,2,2,0,0,2
973,1,2,2,2,0,1,2
974,1,2,2,2,0,2,2
975,1,2,2,2,1,0,2
976,1,2,2,2,1,1,2
977,1,2,2,2,1,2,2
978,1,2,2,2,2,0,2
979,1,2,2,2,2,1,2
980,1,2,2,2,2,2,2
981,1,2,2,4,0,0,2
982,1,2,2,4,0,1,2
983,1,2,2,4,0,2,0
984,1,2,2,4,1,0,2
985,1,2,2,4,1,1,2
986,1,2,2,4,1,2,0
987,1,2,2,4,2,0,2
988,1,2,2,4,2,1,0
989,1,2,2,4,2,2,0
990,1,2,2,5,0,0,2
991,1,2,2,5,0,1,2
992,1,2,2,5,0,2,2
993,1,2,2,5,1,0,2
994,1,2,2,5,1,1,2
995,1,2,2,5,1,2,0
996,1,2,2,5,2,0,2
997,1,2,2,5,2,1,0
998,1,2,2,5,2,2,0
999,1,2,3,2,0,0,2
1000,1,2,3,2,0,1,2
1001,1,2,3,2,0,2,2
1002,1,2,3,2,1,0,2
1003,1,2,3,2,1,1,2
1004,1,2,3,2,1,2,2
1005,1,2,3,2,2,0,2
1006,1,2,3,2,2,1,2
1007,1,2,3,2,2,2,2
1008,1,2,3,4,0,0,2
1009,1,2,3,4,0,1,2
1010,1,2,3,4,0,2,0
1011,1,2,3,4,1,0,2
1012,1,2,3,4,1,1,2
1013,1,2,3,4,1,2,0
1014,1,2,3,4,2,0,2
1015,1,2,3,4,2,1,0
1016,1,2,3,4,2,2,0
1017,1,2,3,5,0,0,2
1018,1,2,3,5,0,1,2
1019,1,2,3,5,0,2,0
1020,1,2,3,5,1,0,2
1021,1,2,3,5,1,1,0
1022,1,2,3,5,1,2,0
1023,1,2,3,5,2,0,2
1024,1,2,3,5,2,1,0
1025,1,2,3,5,2,2,0
1026,1,2,4,2,0,0,2
1027,1,2,4,2,0,1,2
1028,1,2,4,2,0,2,2
1029,1,2,4,2,1,0,2
1030,1,2,4,2,1,1,2
1031,1,2,4,2,1,2,2
1032,1,2,4,2,2,0,2
1033,1,2,4,2,2,1,2
1034,1,2,4,2,2,2,2
1035,1,2,4,4,0,0,2
1036,1,2,4,4,0,1,2
1037,1,2,4,4,0,2,0
1038,1,2,4,4,1,0,2
1039,1,2,4,4,1,1,0
1040,1,2,4,4,1,2,0
1041,1,2,4,4,2,0,2
1042,1,2,4,4,2,1,0
1043,1,2,4,4,2,2,0
1044,1,2,4,5,0,0,2
1045,1,2,4,5,0,1,2
1046,1,2,4,5,0,2,0
1047,1,2,4,5,1,0,2
1048,1,2,4,5,1,1,0
1049,1,2,4,5,1,2,0
1050,1,2,4,5,2,0,2
1051,1,2,4,5,2,1,0
1052,1,2,4,5,2,2,0
1053,1,2,5,2,0,0,2
1054,1,2,5,2,0,1,2
1055,1,2,5,2,0,2,2
1056,1,2,5,2,1,0,2
1057,1,2,5,2,1,1,2
1058,1,2,5,2,1,2,2
1059,1,2,5,2,2,0,2
1060,1,2,5,2,2,1,2
1061,1,2,5,2,2,2,2
1062,1,2,5,4,0,0,2
1063,1,2,5,4,0,1,2
1064,1,2,5,4,0,2,0
1065,1,2,5,4,1,0,2
1066,1,2,5,4,1,1,0
1067,1,2,5,4,1,2,0
1068,1,2,5,4,2,0,2
1069,1,2,5,4,2,1,0
1070,1,2,5,4,2,2,0
1071,1,2,5,5,0,0,2
1072,1,2,5,5,0,1,2
1073,1,2,5,5,0,2,0
1074,1,2,5,5,1,0,2
1075,1,2,5,5,1,1,0
1076,1,2,5,5,1,2,0
1077,1,2,5,5,2,0,2
1078,1,2,5,5,2,1,0
1079,1,2,5,5,2,2,0
1080,1,1,2,2,0,0,2
1081,1,1,2,2,0,1,2
1082,1,1,2,2,0,2,2
1083,1,1,2,2,1,0,2
1084,1,1,2,2,1,1,2
1085,1,1,2,2,1,2,2
1086,1,1,2,2,2,0,2
1087,1,1,2,2,2,1,2
1088,1,1,2,2,2,2,2
1089,1,1,2,4,0,0,2
1090,1,1,2,4,0,1,0
1091,1,1,2,4,0,2,0
1092,1,1,2,4,1,0,2
1093,1,1,2,4,1,1,0
1094,1,1,2,4,1,2,0
1095,1,1,2,4,2,0,2
1096,1,1,2,4,2,1,0
1097,1,1,2,4,2,2,3
1098,1,1,2,5,0,0,2
1099,1,1,2,5,0,1,2
1100,1,1,2,5,0,2,2
1101,1,1,2,5,1,0,2
1102,1,1,2,5,1,1,0
1103,1,1,2,5,1,2,0
1104,1,1,2,5,2,0,2
1105,1,1,2,5,2,1,0
1106,1,1,2,5,2,2,3
1107,1,1,3,2,0,0,2
1108,1,1,3,2,0,1,2
1109,1,1,3,2,0,2,2
1110,1,1,3,2,1,0,2
1111,1,1,3,2,1,1,2
1112,1,1,3,2,1,2,2
1113,1,1,3,2,2,0,2
1114,1,1,3,2,2,1,2
1115,1,1,3,2,2,2,2
1116,1,1,3,4,0,0,2
1117,1,1,3,4,0,1,0
1118,1,1,3,4,0,2,0
1119,1,1,3,4,1,0,2
1120,1,1,3,4,1,1,0
1121,1,1,3,4,1,2,0
1122,1,1,3,4,2,0,2
1123,1,1,3,4,2,1,0
1124,1,1,3,4,2,2,3
1125,1,1,3,5,0,0,2
1126,1,1,3,5,0,1,0
1127,1,1,3,5,0,2,0
1128,1,1,3,5,1,0,2
1129,1,1,3,5,1,1,0
1130,1,1,3,5,1,2,3
1131,1,1,3,5,2,0,2
1132,1,1,3,5,2,1,0
1133,1,1,3,5,2,2,3
1134,1,1,4,2,0,0,2
1135,1,1,4,2,0,1,2
1136,1,1,4,2,0,2,2
1137,1,1,4,2,1,0,2
1138,1,1,4,2,1,1,2
1139,1,1,4,2,1,2,2
1140,1,1,4,2,2,0,2
1141,1,1,4,2,2,1,2
1142,1,1,4,2,2,2,2
1143,1,1,4,4,0,0,2
1144,1,1,4,4,0,1,0
1145,1,1,4,4,0,2,0
1146,1,1,4,4,1,0,2
1147,1,1,4,4,1,1,0
1148,1,1,4,4,1,2,3
1149,1,1,4,4,2,0,2
1150,1,1,4,4,2,1,0
1151,1,1,4,4,2,2,3
1152,1,1,4,5,0,0,2
1153,1,1,4,5,0,1,0
1154,1,1,4,5,0,2,0
1155,1,1,4,5,1,0,2
1156,1,1,4,5,1,1,0
1157,1,1,4,5,1,2,3
1158,1,1,4,5,2,0,2
1159,1,1,4,5,2,1,0
1160,1,1,4,5,2,2,3
1161,1,1,5,2,0,0,2
1162,1,1,5,2,0,1,2
1163,1,1,5,2,0,2,2
1164,1,1,5,2,1,0,2
1165,1,1,5,2,1,1,2
1166,1,1,5,2,1,2,2
1167,1,1,5,2,2,0,2
1168,1,1,5,2,2,1,2
1169,1,1,5,2,2,2,2
1170,1,1,5,4,0,0,2
1171,1,1,5,4,0,1,0
1172,1,1,5,4,0,2,0
1173,1,1,5,4,1,0,2
1174,1,1,5,4,1,1,0
1175,1,1,5,4,1,2,3
1176,1,1,5,4,2,0,2
1177,1,1,5,4,2,1,0
1178,1,1,5,4,2,2,3
1179,1,1,5,5,0,0,2
1180,1,1,5,5,0,1,0
1181,1,1,5,5,0,2,0
1182,1,1,5,5,1,0,2
1183,1,1,5,5,1,1,0
1184,1,1,5,5,1,2,3
1185,1,1,5,5,2,0,2
1186,1,1,5,5,2,1,0
1187,1,1,5,5,2,2,3
1188,1,0,2,2,0,0,2
1189,1,0,2,2,0,1,2
1190,1,0,2,2,0,2,2
1191,1,0,2,2,1,0,2
1192,1,0,2,2,1,1,2
1193,1,0,2,2,1,2,2
1194,1,0,2,2,2,0,2
1195,1,0,2,2,2,1,2
1196,1,0,2,2,2,2,2
1197,1,0,2,4,0,0,2
1198,1,0,2,4,0,1,0
1199,1,0,2,4,0,2,1
1200,1,0,2,4,1,0,2
1201,1,0,2,4,1,1,0
1202,1,0,2,4,1,2,1
1203,1,0,2,4,2,0,2
1204,1,0,2,4,2,1,1
1205,1,0,2,4,2,2,3
1206,1,0,2,5,0,0,2
1207,1,0,2,5,0,1,2
1208,1,0,2,5,0,2,2
1209,1,0,2,5,1,0,2
1210,1,0,2,5,1,1,0
1211,1,0,2,5,1,2,1
1212,1,0,2,5,2,0,2
1213,1,0,2,5,2,1,1
1214,1,0,2,5,2,2,3
1215,1,0,3,2,0,0,2
1216,1,0,3,2,0,1,2
1217,1,0,3,2,0,2,2
1218,1,0,3,2,1,0,2
1219,1,0,3,2,1,1,2
1220,1,0,3,2,1,2,2
1221,1,0,3,2,2,0,2
1222,1,0,3,2,2,1,2
1223,1,0,3,2,2,2,2
1224,1,0,3,4,0,0,2
1225,1,0,3,4,0,1,0
1226,1,0,3,4,0,2,1
1227,1,0,3,4,1,0,2
1228,1,0,3,4,1,1,0
1229,1,0,3,4,1,2,1
1230,1,0,3,4,2,0,2
1231,1,0,3,4,2,1,1
1232,1,0,3,4,2,2,3
1233,1,0,3,5,0,0,2
1234,1,0,3,5,0,1,0
1235,1,0,3,5,0,2,1
1236,1,0,3,5,1,0,2
1237,1,0,3,5,1,1,1
1238,1,0,3,5,1,2,3
1239,1,0,3,5,2,0,2
1240,1,0,3,5,2,1,1
1241,1,0,3,5,2,2,3
1242,1,0,4,2,0,0,2
1243,1,0,4,2,0,1,2
1244,1,0,4,2,0,2,2
1245,1,0,4,2,1,0,2
1246,1,0,4,2,1,1,2
1247,1,0,4,2,1,2,2
1248,1,0,4,2,2,0,2
1249,1,0,4,2,2,1,2
1250,1,0,4,2,2,2,2
1251,1,0,4,4,0,0,2
1252,1,0,4,4,0,1,0
1253,1,0,4,4,0,2,1
1254,1,0,4,4,1,0,2
1255,1,0,4,4,1,1,1
1256,1,0,4,4,1,2,3
1257,1,0,4,4,2,0,2
1258,1,0,4,4,2,1,1
1259,1,0,4,4,2,2,3
1260,1,0,4,5,0,0,2
1261,1,0,4,5,0,1,0
1262,1,0,4,5,0,2,1
1263,1,0,4,5,1,0,2
1264,1,0,4,5,1,1,1
1265,1,0,4,5,1,2,3
1266,1,0,4,5,2,0,2
1267,1,0,4,5,2,1,1
1268,1,0,4,5,2,2,3
1269,1,0,5,2,0,0,2
1270,1,0,5,2,0,1,2
1271,1,0,5,2,0,2,2
1272,1,0,5,2,1,0,2
1273,1,0,5,2,1,1,2
1274,1,0,5,2,1,2,2
1275,1,0,5,2,2,0,2
1276,1,0,5,2,2,1,2
1277,1,0,5,2,2,2,2
1278,1,0,5,4,0,0,2
1279,1,0,5,4,0,1,0
1280,1,0,5,4,0,2,1
1281,1,0,5,4,1,0,2
1282,1,0,5,4,1,1,1
1283,1,0,5,4,1,2,3
1284,1,0,5,4,2,0,2
1285,1,0,5,4,2,1,1
1286,1,0,5,4,2,2,3
1287,1,0,5,5,0,0,2
1288,1,0,5,5,0,1,0
1289,1,0,5,5,0,2,1
1290,1,0,5,5,1,0,2
1291,1,0,5,5,1,1,1
1292,1,0,5,5,1,2,3
1293,1,0,5,5,2,0,2
1294,1,0,5,5,2,1,1
1295,1,0,5,5,2,2,3
1296,0,3,2,2,0,0,2
1297,0,3,2,2,0,1,2
1298,0,3,2,2,0,2,2
1299,0,3,2,2,1,0,2
1300,0,3,2,2,1,1,2
1301,0,3,2,2,1,2,2
1302,0,3,2,2,2,0,2
1303,0,3,2,2,2,1,2
1304,0,3,2,2,2,2,2
1305,0,3,2,4,0,0,2
1306,0,3,2,4,0,1,2
1307,0,3,2,4,0,2,0
1308,0,3,2,4,1,0,2
1309,0,3,2,4,1,1,2
1310,0,3,2,4,1,2,0
1311,0,3,2,4,2,0,2
1312,0,3,2,4,2,1,0
1313,0,3,2,4,2,2,0
1314,0,3,2,5,0,0,2
1315,0,3,2,5,0,1,2
1316,0,3,2,5,0,2,2
1317,0,3,2,5,1,0,2
1318,0,3,2,5,1,1,2
1319,0,3,2,5,1,2,0
1320,0,3,2,5,2,0,2
1321,0,3,2,5,2,1,0
1322,0,3,2,5,2,2,0
1323,0,3,3,2,0,0,2
1324,0,3,3,2,0,1,2
1325,0,3,3,2,0,2,2
1326,0,3,3,2,1,0,2
1327,0,3,3,2,1,1,2
1328,0,3,3,2,1,2,2
1329,0,3,3,2,2,0,2
1330,0,3,3,2,2,1,2
1331,0,3,3,2,2,2,2
1332,0,3,3,4,0,0,2
1333,0,3,3,4,0,1,2
1334,0,3,3,4,0,2,0
1335,0,3,3,4,1,0,2
1336,0,3,3,4,1,1,2
1337,0,3,3,4,1,2,0
1338,0,3,3,4,2,0,2
1339,0,3,3,4,2,1,0
1340,0,3,3,4,2,2,0
1341,0,3,3,5,0,0,2
1342,0,3,3,5,0,1,2
1343,0,3,3,5,0,2,0
1344,0,3,3,5,1,0,2
1345,0,3,3,5,1,1,0
1346,0,3,3,5,1,2,0
1347,0,3,3,5,2,0,2
1348,0,3,3,5,2,1,0
1349,0,3,3,5,2,2,0
1350,0,3,4,2,0,0,2
1351,0,3,4,2,0,1,2
1352,0,3,4,2,0,2,2
1353,0,3,4,2,1,0,2
1354,0,3,4,2,1,1,2
1355,0,3,4,2,1,2,2
1356,0,3,4,2,2,0,2
1357,0,3,4,2,2,1,2
1358,0,3,4,2,2,2,2
1359,0,3,4,4,0,0,2
1360,0,3,4,4,0,1,2
1361,0,3,4,4,0,2,0
1362,0,3,4,4,1,0,2
1363,0,3,4,4,1,1,0
1364,0,3,4,4,1,2,0
1365,0,3,4,4,2,0,2
1366,0,3,4,4,2,1,0
1367,0,3,4,4,2,2,0
1368,0,3,4,5,0,0,2
1369,0,3,4,5,0,1,2
1370,0,3,4,5,0,2,0
1371,0,3,4,5,1,0,2
1372,0,3,4,5,1,1,0
1373,0,3,4,5,1,2,0
1374,0,3,4,5,2,0,2
1375,0,3,4,5,2,1,0
1376,0,3,4,5,2,2,0
1377,0,3,5,2,0,0,2
1378,0,3,5,2,0,1,2
1379,0,3,5,2,0,2,2
1380,0,3,5,2,1,0,2
1381,0,3,5,2,1,1,2
1382,0,3,5,2,1,2,2
1383,0,3,5,2,2,0,2
1384,0,3,5,2,2,1,2
1385,0,3,5,2,2,2,2
1386,0,3,5,4,0,0,2
1387,0,3,5,4,0,1,2
1388,0,3,5,4,0,2,0
1389,0,3,5,4,1,0,2
1390,0,3,5,4,1,1,0
1391,0,3,5,4,1,2,0
1392,0,3,5,4,2,0,2
1393,0,3,5,4,2,1,0
1394,0,3,5,4,2,2,0
1395,0,3,5,5,0,0,2
1396,0,3,5,5,0,1,2
1397,0,3,5,5,0,2,0
1398,0,3,5,5,1,0,2
1399,0,3,5,5,1,1,0
1400,0,3,5,5,1,2,0
1401,0,3,5,5,2,0,2
1402,0,3,5,5,2,1,0
1403,0,3,5,5,2,2,0
1404,0,2,2,2,0,0,2
1405,0,2,2,2,0,1,2
1406,0,2,2,2,0,2,2
1407,0,2,2,2,1,0,2
1408,0,2,2,2,1,1,2
1409,0,2,2,2,1,2,2
1410,0,2,2,2,2,0,2
1411,0,2,2,2,2,1,2
1412,0,2,2,2,2,2,2
1413,0,2,2,4,0,0,2
1414,0,2,2,4,0,1,0
1415,0,2,2,4,0,2,0
1416,0,2,2,4,1,0,2
1417,0,2,2,4,1,1,0
1418,0,2,2,4,1,2,0
1419,0,2,2,4,2,0,2
1420,0,2,2,4,2,1,0
1421,0,2,2,4,2,2,3
1422,0,2,2,5,0,0,2
1423,0,2,2,5,0,1,2
1424,0,2,2,5,0,2,2
1425,0,2,2,5,1,0,2
1426,0,2,2,5,1,1,0
1427,0,2,2,5,1,2,0
1428,0,2,2,5,2,0,2
1429,0,2,2,5,2,1,0
1430,0,2,2,5,2,2,3
1431,0,2,3,2,0,0,2
1432,0,2,3,2,0,1,2
1433,0,2,3,2,0,2,2
1434,0,2,3,2,1,0,2
1435,0,2,3,2,1,1,2
1436,0,2,3,2,1,2,2
1437,0,2,3,2,2,0,2
1438,0,2,3,2,2,1,2
1439,0,2,3,2,2,2,2
1440,0,2,3,4,0,0,2
1441,0,2,3,4,0,1,0
1442,0,2,3,4,0,2,0
1443,0,2,3,4,1,0,2
1444,0,2,3,4,1,1,0
1445,0,2,3,4,1,2,0
1446,0,2,3,4,2,0,2
1447,0,2,3,4,2,1,0
1448,0,2,3,4,2,2,3
1449,0,2,3,5,0,0,2
1450,0,2,3,5,0,1,0
1451,0,2,3,5,0,2,0
1452,0,2,3,5,1,0,2
1453,0,2,3,5,1,1,0
1454,0,2,3,5,1,2,3
1455,0,2,3,5,2,0,2
1456,0,2,3,5,2,1,0
1457,0,2,3,5,2,2,3
1458,0,2,4,2,0,0,2
1459,0,2,4,2,0,1,2
1460,0,2,4,2,0,2,2
1461,0,2,4,2,1,0,2
1462,0,2,4,2,1,1,2
1463,0,2,4,2,1,2,2
1464,0,2,4,2,2,0,2
1465,0,2,4,2,2,1,2
1466,0,2,4,2,2,2,2
1467,0,2,4,4,0,0,2
1468,0,2,4,4,0,1,0
1469,0,2,4,4,0,2,0
1470,0,2,4,4,1,0,2
1471,0,2,4,4,1,1,0
1472,0,2,4,4,1,2,3
1473,0,2,4,4,2,0,2
1474,0,2,4,4,2,1,0
1475,0,2,4,4,2,2,3
1476,0,2,4,5,0,0,2
1477,0,2,4,5,0,1,0
1478,0,2,4,5,0,2,0
1479,0,2,4,5,1,0,2
1480,0,2,4,5,1,1,0
1481,0,2,4,5,1,2,3
1482,0,2,4,5,2,0,2
1483,0,2,4,5,2,1,0
1484,0,2,4,5,2,2,3
1485,0,2,5,2,0,0,2
1486,0,2,5,2,0,1,2
1487,0,2,5,2,0,2,2
1488,0,2,5,2,1,0,2
1489,0,2,5,2,1,1,2
1490,0,2,5,2,1,2,2
1491,0,2,5,2,2,0,2
1492,0,2,5,2,2,1,2
1493,0,2,5,2,2,2,2
1494,0,2,5,4,0,0,2
1495,0,2,5,4,0,1,0
1496,0,2,5,4,0,2,0
1497,0,2,5,4,1,0,2
1498,0,2,5,4,1,1,0
1499,0,2,5,4,1,2,3
1500,0,2,5,4,2,0,2
1501,0,2,5,4,2,1,0
1502,0,2,5,4,2,2,3
1503,0,2,5,5,0,0,2
1504,0,2,5,5,0,1,0
1505,0,2,5,5,0,2,0
1506,0,2,5,5,1,0,2
1507,0,2,5,5,1,1,0
1508,0,2,5,5,1,2,3
1509,0,2,5,5,2,0,2
1510,0,2,5,5,2,1,0
1511,0,2,5,5,2,2,3
1512,0,1,2,2,0,0,2
1513,0,1,2,2,0,1,2
1514,0,1,2,2,0,2,2
1515,0,1,2,2,1,0,2
1516,0,1,2,2,1,1,2
1517,0,1,2,2,1,2,2
1518,0,1,2,2,2,0,2
1519,0,1,2,2,2,1,2
1520,0,1,2,2,2,2,2
1521,0,1,2,4,0,0,2
1522,0,1,2,4,0,1,0
1523,0,1,2,4,0,2,1
1524,0,1,2,4,1,0,2
1525,0,1,2,4,1,1,0
1526,0,1,2,4,1,2,1
1527,0,1,2,4,2,0,2
1528,0,1,2,4,2,1,1
1529,0,1,2,4,2,2,3
1530,0,1,2,5,0,0,2
1531,0,1,2,5,0,1,2
1532,0,1,2,5,0,2,2
1533,0,1,2,5,1,0,2
1534,0,1,2,5,1,1,0
1535,0,1,2,5,1,2,1
1536,0,1,2,5,2,0,2
1537,0,1,2,5,2,1,1
1538,0,1,2,5,2,2,3
1539,0,1,3,2,0,0,2
1540,0,1,3,2,0,1,2
1541,0,1,3,2,0,2,2
1542,0,1,3,2,1,0,2
1543,0,1,3,2,1,1,2
1544,0,1,3,2,1,2,2
1545,0,1,3,2,2,0,2
1546,0,1,3,2,2,1,2
1547,0,1,3,2,2,2,2
1548,0,1,3,4,0,0,2
1549,0,1,3,4,0,1,0
1550,0,1,3,4,0,2,1
1551,0,1,3,4,1,0,2
1552,0,1,3,4,1,1,0
1553,0,1,3,4,1,2,1
1554,0,1,3,4,2,0,2
1555,0,1,3,4,2,1,1
1556,0,1,3,4,2,2,3
1557,0,1,3,5,0,0,2
1558,0,1,3,5,0,1,0
1559,0,1,3,5,0,2,1
1560,0,1,3,5,1,0,2
1561,0,1,3,5,1,1,1
1562,0,1,3,5,1,2,3
1563,0,1,3,5,2,0,2
1564,0,1,3,5,2,1,1
1565,0,1,3,5,2,2,3
1566,0,1,4,2,0,0,2
1567,0,1,4,2,0,1,2
1568,0,1,4,2,0,2,2
1569,0,1,4,2,1,0,2
1570,0,1,4,2,1,1,2
1571,0,1,4,2,1,2,2
1572,0,1,4,2,2,0,2
1573,0,1,4,2,2,1,2
1574,0,1,4,2,2,2,2
1575,0,1,4,4,0,0,2
1576,0,1,4,4,0,1,0
1577,0,1,4,4,0,2,1
1578,0,1,4,4,1,0,2
1579,0,1,4,4,1,1,1
1580,0,1,4,4,1,2,3
1581,0,1,4,4,2,0,2
1582,0,1,4,4,2,1,1
1583,0,1,4,4,2,2,3
1584,0,1,4,5,0,0,2
1585,0,1,4,5,0,1,0
1586,0,1,4,5,0,2,1
1587,0,1,4,5,1,0,2
1588,0,1,4,5,1,1,1
1589,0,1,4,5,1,2,3
1590,0,1,4,5,2,0,2
1591,0,1,4,5,2,1,1
1592,0,1,4,5,2,2,3
1593,0,1,5,2,0,0,2
1594,0,1,5,2,0,1,2
1595,0,1,5,2,0,2,2
1596,0,1,5,2,1,0,2
1597,0,1,5,2,1,1,2
1598,0,1,5,2,1,2,2
1599,0,1,5,2,2,0,2
1600,0,1,5,2,2,1,2
1601,0,1,5,2,2,2,2
1602,0,1,5,4,0,0,2
1603,0,1,5,4,0,1,0
1604,0,1,5,4,0,2,1
1605,0,1,5,4,1,0,2
1606,0,1,5,4,1,1,1
1607,0,1,5,4,1,2,3
1608,0,1,5,4,2,0,2
1609,0,1,5,4,2,1,1
1610,0,1,5,4,2,2,3
1611,0,1,5,5,0,0,2
1612,0,1,5,5,0,1,0
1613,0,1,5,5,0,2,1
1614,0,1,5,5,1,0,2
1615,0,1,5,5,1,1,1
1616,0,1,5,5,1,2,3
1617,0,1,5,5,2,0,2
1618,0,1,5,5,2,1,1
1619,0,1,5,5,2,2,3
1620,0,0,2,2,0,0,2
1621,0,0,2,2,0,1,2
1622,0,0,2,2,0,2,2
1623,0,0,2,2,1,0,2
1624,0,0,2,2,1,1,2
1625,0,0,2,2,1,2,2
1626,0,0,2,2,2,0,2
1627,0,0,2,2,2,1,2
1628,0,0,2,2,2,2,2
1629,0,0,2,4,0,0,2
1630,0,0,2,4,0,1,0
1631,0,0,2,4,0,2,1
1632,0,0,2,4,1,0,2
1633,0,0,2,4,1,1,0
1634,0,0,2,4,1,2,1
1635,0,0,2,4,2,0,2
1636,0,0,2,4,2,1,1
1637,0,0,2,4,2,2,3
1638,0,0,2,5,0,0,2
1639,0,0,2,5,0,1,2
1640,0,0,2,5,0,2,2
1641,0,0,2,5,1,0,2
1642,0,0,2,5,1,1,0
1643,0,0,2,5,1,2,1
1644,0,0,2,5,2,0,2
1645,0,0,2,5,2,1,1
1646,0,0,2,5,2,2,3
1647,0,0,3,2,0,0,2
1648,0,0,3,2,0,1,2
1649,0,0,3,2,0,2,2
1650,0,0,3,2,1,0,2
1651,0,0,3,2,1,1,2
1652,0,0,3,2,1,2,2
1653,0,0,3,2,2,0,2
1654,0,0,3,2,2,1,2
1655,0,0,3,2,2,2,2
1656,0,0,3,4,0,0,2
1657,0,0,3,4,0,1,0
1658,0,0,3,4,0,2,1
1659,0,0,3,4,1,0,2
1660,0,0,3,4,1,1,0
1661,0,0,3,4,1,2,1
1662,0,0,3,4,2,0,2
1663,0,0,3,4,2,1,1
1664,0,0,3,4,2,2,3
1665,0,0,3,5,0,0,2
1666,0,0,3,5,0,1,0
1667,0,0,3,5,0,2,1
1668,0,0,3,5,1,0,2
1669,0,0,3,5,1,1,1
1670,0,0,3,5,1,2,3
1671,0,0,3,5,2,0,2
1672,0,0,3,5,2,1,1
1673,0,0,3,5,2,2,3
1674,0,0,4,2,0,0,2
1675,0,0,4,2,0,1,2
1676,0,0,4,2,0,2,2
1677,0,0,4,2,1,0,2
1678,0,0,4,2,1,1,2
1679,0,0,4,2,1,2,2
1680,0,0,4,2,2,0,2
1681,0,0,4,2,2,1,2
1682,0,0,4,2,2,2,2
1683,0,0,4,4,0,0,2
1684,0,0,4,4,0,1,0
1685,0,0,4,4,0,2,1
1686,0,0,4,4,1,0,2
1687,0,0,4,4,1,1,1
1688,0,0,4,4,1,2,3
1689,0,0,4,4,2,0,2
1690,0,0,4,4,2,1,1
1691,0,0,4,4,2,2,3
1692,0,0,4,5,0,0,2
1693,0,0,4,5,0,1,0
1694,0,0,4,5,0,2,1
1695,0,0,4,5,1,0,2
1696,0,0,4,5,1,1,1
1697,0,0,4,5,1,2,3
1698,0,0,4,5,2,0,2
1699,0,0,4,5,2,1,1
1700,0,0,4,5,2,2,3
1701,0,0,5,2,0,0,2
1702,0,0,5,2,0,1,2
1703,0,0,5,2,0,2,2
1704,0,0,5,2,1,0,2
1705,0,0,5,2,1,1,2
1706,0,0,5,2,1,2,2
1707,0,0,5,2,2,0,2
1708,0,0,5,2,2,1,2
1709,0,0,5,2,2,2,2
1710,0,0,5,4,0,0,2
1711,0,0,5,4,0,1,0
1712,0,0,5,4,0,2,1
1713,0,0,5,4,1,0,2
1714,0,0,5,4,1,1,1
1715,0,0,5,4,1,2,3
1716,0,0,5,4,2,0,2
1717,0,0,5,4,2,1,1
1718,0,0,5,4,2,2,3
1719,0,0,5,5,0,0,2
1720,0,0,5,5,0,1,0
1721,0,0,5,5,0,2,1
1722,0,0,5,5,1,0,2
1723,0,0,5,5,1,1,1
1724,0,0,5,5,1,2,3
1725,0,0,5,5,2,0,2
1726,0,0,5,5,2,1,1
1727,0,0,5,5,2,2,3
